Bank Name,table presence,Bank_PDF-Name,Year,Name and Address,Principal occupation if other than with Bank Holding Company,Title and Position with Bank Holding Company,Title and Position with Subsidiaries,Title and Position with Other Businesses,Percentage of Voting Shares in Bank Holding Company,Percentage of Voting Shares in Subsidiaries,List names of other companies if 25% or more of voting securities are held
"1889 Bancshares, Inc.",none,"1889 Bancshares, Inc._Y-6_2023-12-31_English_243974485",2023,,,,,,,,
"1889 Bancshares, Inc.",none,"1889 Bancshares, Inc._Y-6_2023-12-31_English_243974485_2",2023,,,,,,,,
215 Holding Co.,both,215 Holding Co._Y-6_2023-12-31_English_226294664,2023,"Brian P. Short
St. Paul, MN
United States",Executive / Attorney,"CEO,
President,
Treasurer &
Director,
Shareholder","Executive
Officer and
Director of each
bank","Calhoun Management Co., Shareholder & President / Director
Plane Lease Co., President & Director
Leamington Co., Shareholder & Executive Vice President
Admiral Merchants Motor Freight, Inc. (MN), President & Director
P. L. Co., Shareholder, Executive Vice President
Benson Parking Service, Inc., President & Director
St. Paul Flight Center, Inc., President & Director
Seven Short Seisins, Partner
320-7 Company, President & Director
Short Farms Company, Shareholder & Executive Vice President
Successor Co-Trustee of the Marion D. Short Irrevocable Trust dtd 3/18/04
Co-Trustee of the Short Family 2005/215 Irrevocable Trust
MidCountry Acquisition Corp., Shareholder and Director
Elmer Township Land Company LLC, Manager","1,111.4 shares of Class
A Voting Common
Stock or 7.78%
Co-Trustee of 7 Trusts which own 426.3 shares of Class A Voting Stock or 2.99% and 2,991.0 shares of Class B Non-Voting Common stock or 100%
Co-Trustee of a Trust which owns 3,443.7 shares of Class A Voting Stock or 24.12%
Co-Trustee of a Trust which owns 1,090 shares of Class A Voting Stock or 7.64%
Co-Trustee of a Trust which owns 2,750 shares of Class A Voting Stock or 19.26%",,
215 Holding Co.,both,215 Holding Co._Y-6_2023-12-31_English_226294664,2023,"Marianne D. Short St. Paul, MN United States",Attorney,Director,Director,"Admiral Merchants Motor Freight, Inc., Director
Successor Co-Trustee of the Marion D. Short Irrevocable Trust dtd 3/18/04
Co-Trustee of the Short Family 2005/215 Irrevocable Trust
Calhoun Management Co., Director
Seven Short Seisins, Partner","1,090 shares of Class A Voting Common Stock or 7.63%
Co-Trustee of 7 Trusts which owns 426.3 shares of Class A Voting Stock or 2.99% and 2,991.0 shares of Class B Non-Voting Common stock or 100%
Co-Trustee of a Trust which owns 3,443.7 shares of Class A Voting Stock or 24.12%
Co-Trustee of a Trust which owns 1,090 shares of Class A Voting Stock or 7.64%
Co-Trustee of a Trust which owns 2,750 shares of Class A Voting Stock or 19.26%",,
215 Holding Co.,both,215 Holding Co._Y-6_2023-12-31_English_226294664,2023,"Carolyn P.
Short
Flourtown, PA
United States",Attorney,Director,Director,"Admiral Merchants Motor Freight, Inc., Director
Successor Co-Trustee of the Marion D. Short Irrevocable Trust dtd 3/18/04
Co-Trustee of the Short Family 2005/215 Irrevocable Trust
Calhoun Management Co., Director
Seven Short Seisins, Partner
Holland & Knight, Partner","1,090 shares of Class
A Voting Common
Stock or 7.63%
Trustee of 7 Trusts which own 426.3 shares of Class A Voting Stock or 2.99% and 2,991.0 shares of Class B Non-Voting Common stock or 100%
Co-Trustee of a Trust which owns 3,443.7 shares of Class A Voting Stock or 24.12%
Co-Trustee of a Trust which owns 2,750 shares of Class A Voting Stock or 19.26%",,
215 Holding Co.,both,215 Holding Co._Y-6_2023-12-31_English_226294664,2023,"Colleen V.
Short Lucke
Edina, MN
United States",Attorney,Director,,"Admiral Merchants Motor Freight, Inc., Director
Calhoun Management Co., Director
Seven Short Seisins, Partner
Successor Co-Trustee of the Marion D. Short Irrevocable Trust dtd 3/18/04","1,090 shares of Class
A Voting Common
Stock or 7.63%
Co-Trustee of a Trust which owns 3,443.7 shares of Class A Voting Stock or 24.12%
Co-Trustee of a Trust which owns 2,750 shares of Class A Voting Stock or 19.26%",,
215 Holding Co.,both,215 Holding Co._Y-6_2023-12-31_English_226294664,2023,"Kevin J. Short Hudson, WI United States",Attorney,Director,Director,"St. Paul Flight Center, Inc., Vice President and Secretary
320-7 Co., Vice President and Secretary
Calhoun Management Co., Shareholder & Director
Admiral Merchants Motor Freight, Inc., Director
Seven Short Seisins, Partner
Short Law Firm, Proprietor","1,090 shares of Class A Voting Stock or 7.63%
Co-Trustee of a Trust which owns 2,750 shares of Class A Voting Stock or 19.26%",,
215 Holding Co.,both,215 Holding Co._Y-6_2023-12-31_English_226294664,2023,"Elizabeth J.
Short
University
Heights, OH
United States","College
Professor",Director,Director,"Admiral Merchants Motor Freight, Inc., Director
Calhoun Management Co., Director
Seven Short Seisins, Partner","1,090 shares of Class A Voting Stock or 7.63%
Co-Trustee of a Trust which owns 2,750 shares of Class A Voting Stock or 19.26%",,
215 Holding Co.,both,215 Holding Co._Y-6_2023-12-31_English_226294664,2023,"Andrew C.
Noll
Fairmont, MN
United States",Banking,"Senior Vice
President","President &
Director of First
Farmers &
Merchants
National Bank,
Fairmont, MN
Director of First
Farmers &
Merchants
Bank, Cannon
Falls, MN",,".8 shares of Class A
Voting Common
Stock or less than 1%",,
215 Holding Co.,both,215 Holding Co._Y-6_2023-12-31_English_226294664,2023,"Greg Wulf
Cannon Falls,
MN
United States",Banking,"Executive
Vice President","Director of First
Farmers &
Merchants
Bank, Cannon
Falls, MN
Director of
Liberty
National Bank,
Sioux City, IA",,".7 shares of Class A
Voting Common
Stock or less than 1%",,
215 Holding Co.,both,215 Holding Co._Y-6_2023-12-31_English_226294664,2023,"David
Feddersen
Rochester, MN
United States",Banking,"Senior Vice
President","President &
Director of First
Farmers &
Merchants State
Bank of Grand
Meadow, Grand
Meadow, MN",,,,
215 Holding Co.,both,215 Holding Co._Y-6_2023-12-31_English_226294664_2,2023,"Brian P. Short
St. Paul, MN
United States","Executive /
Attorney","CEO,
President,
Treasurer &
Director,
Shareholder","Executive
Officer and
Director of each
bank","Calhoun Management Co., Shareholder & President / Director
Plane Lease Co., President & Director
Leamington Co., Shareholder & Executive Vice President
Admiral Merchants Motor Freight, Inc. (MN), President & Director
P. L. Co., Shareholder, Executive Vice President
Benson Parking Service, Inc., President & Director
St. Paul Flight Center, Inc., President & Director
Seven Short Seisins, Partner
320-7 Company, President & Director
Short Farms Company, Shareholder & Executive Vice President
Successor Co-Trustee of the Marion D. Short Irrevocable Trust dtd 3/18/04
Co-Trustee of the Short Family 2005/215 Irrevocable Trust
MidCountry Acquisition Corp., Shareholder and Director
Elmer Township Land Company LLC, Manager","1,111.4 shares of Class
A Voting Common
Stock or $7.78 \%
Co-Trustee of 7 Trusts which own 426.3 shares of Class A Voting Stock or 2.99% and 2,991.0 shares of Class B Non-Voting Common stock or $100 \%
Co-Trustee of a Trust which owns 3,443.7 shares of Class A Voting Stock or $24.12 \%
Co-Trustee of a Trust which owns 1,090 shares of Class A Voting Stock or $7.64 \%
Co-Trustee of a Trust which owns 2,750 shares of Class A Voting Stock or $19.26 \%",,
215 Holding Co.,both,215 Holding Co._Y-6_2023-12-31_English_226294664_2,2023,"Marianne D. Short St. Paul, MN United States",Attorney,Director,Director,"Admiral Merchants Motor Freight, Inc., Director
Successor Co-Trustee of the Marion D. Short Irrevocable Trust dtd 3/18/04
Co-Trustee of the Short Family 2005/215 Irrevocable Trust
Calhoun Management Co., Director
Seven Short Seisins, Partner","1,090 shares of Class A Voting Common Stock or $7.63 \%
Co-Trustee of 7 Trusts which owns 426.3 shares of Class A Voting Stock or $2.99 \% and 2,991.0 shares of Class B Non-Voting Common stock or $100 \%
Co-Trustee of a Trust which owns 3,443.7 shares of Class A Voting Stock or $24.12 \%
Co-Trustee of a Trust which owns 1,090 shares of Class A Voting Stock or $7.64 \%
Co-Trustee of a Trust which owns 2,750 shares of Class A Voting Stock or $19.26 \%",,
215 Holding Co.,both,215 Holding Co._Y-6_2023-12-31_English_226294664_2,2023,"Carolyn P.
Short
Flourtown, PA
United States",Attorney,Director,Director,"Admiral Merchants Motor Freight, Inc., Director
Successor Co-Trustee of the Marion D. Short Irrevocable Trust dtd 3/18/04
Co-Trustee of the Short Family 2005/215 Irrevocable Trust
Calhoun Management Co., Director
Seven Short Seisins, Partner
Holland & Knight, Partner","1,090 shares of Class A Voting Common Stock or $7.63 \%
Trustee of 7 Trusts which own 426.3 shares of Class A Voting Stock or $2.99 \% and 2,991.0 shares of Class B Non-Voting Common stock or $100 \%
Co-Trustee of a Trust which owns 3,443.7 shares of Class A Voting Stock or $24.12 \%
Co-Trustee of a Trust which owns 2,750 shares of Class A Voting Stock or $19.26 \%",,
215 Holding Co.,both,215 Holding Co._Y-6_2023-12-31_English_226294664_2,2023,"Colleen V.
Short Lucke
Edina, MN
United States",Attorney,Director,,"Admiral Merchants Motor Freight, Inc., Director
Calhoun Management Co., Director
Seven Short Seisins, Partner
Successor Co-Trustee of the Marion D. Short Irrevocable Trust dtd 3/18/04","1,090 shares of Class A Voting Common Stock or $7.63 \%
Co-Trustee of a Trust which owns 3,443.7 shares of Class A Voting Stock or $24.12 \%
Co-Trustee of a Trust which owns 2,750 shares of Class A Voting Stock or $19.26 \%",,
215 Holding Co.,both,215 Holding Co._Y-6_2023-12-31_English_226294664_2,2023,"Kevin J. Short Hudson, WI United States",Attorney,Director,Director,"St. Paul Flight Center, Inc., Vice President and Secretary
320-7 Co., Vice President and Secretary
Calhoun Management Co., Shareholder & Director
Admiral Merchants Motor Freight, Inc., Director
Seven Short Seisins, Partner
Short Law Firm, Proprietor","1,090 shares of Class A Voting Stock or $7.63 \%
Co-Trustee of a Trust which owns 2,750 shares of Class A Voting Stock or $19.26 \%",,
215 Holding Co.,both,215 Holding Co._Y-6_2023-12-31_English_226294664_2,2023,"Elizabeth J.
Short
University
Heights, OH
United States","College
Professor",Director,Director,"Admiral Merchants Motor Freight, Inc., Director
Calhoun Management Co., Director
Seven Short Seisins, Partner","1,090 shares of Class A Voting Stock or $7.63 \%
Co-Trustee of a Trust which owns 2,750 shares of Class A Voting Stock or $19.26 \%",,
215 Holding Co.,both,215 Holding Co._Y-6_2023-12-31_English_226294664_2,2023,"Andrew C.
Noll
Fairmont, MN
United States",Banking,"Senior Vice
President","President &
Director of First
Farmers &
Merchants
National Bank,
Fairmont, MN
Director of First
Farmers &
Merchants
Bank, Cannon
Falls, MN",,".8 shares of Class A
Voting Common
Stock or less than 1%",,
215 Holding Co.,both,215 Holding Co._Y-6_2023-12-31_English_226294664_2,2023,"Greg Wulf
Cannon Falls,
MN
United States",Banking,"Executive
Vice President","Director of First
Farmers &
Merchants
Bank, Cannon
Falls, MN
Director of
Liberty
National Bank,
Sioux City, IA",,".7 shares of Class A
Voting Common
Stock or less than 1%",,
215 Holding Co.,both,215 Holding Co._Y-6_2023-12-31_English_226294664_2,2023,"David
Feddersen
Rochester, MN
United States",Banking,"Senior Vice
President","President &
Director of First
Farmers &
Merchants State
Bank of Grand
Meadow, Grand
Meadow, MN",,,,
"3MV Bancorp, Inc.",both,"3MV Bancorp, Inc._Y-6_2023-12-31_English_244058446",2023,"Dr. Robert Troia, Omaha, NE, USA",Gohhahnotepia,Principal Shareholder,,"Gohhahnotepia for Pediatric Ophthalmology Association, PC",0.62%,,"Tota Family Limited Partnership - 3,733,770%, 0.001%, LLC - 50%, 100 Owns; Street, LLC - 20%, 221 McCloel, LLC - 70%, Equity Estates Fund V, LLC - 30%, Pediatric Ophthalmology Assoc, PC - 52%, 5111 Farrow Street, LLC - 100%, 1,1021 LHC, LLC - 57.9% and Equity Estates Fund V, LLC- 50%"
"3MV Bancorp, Inc.",both,"3MV Bancorp, Inc._Y-6_2023-12-31_English_244058446",2023,"Dr. Carol Duda, Omaha, NE, USA",Gohhahnotepia,Principal Shareholder,,"Gohhahnotepia for First Eye Associates, PC",0.63%,,"ARWC, LLC - 50%, Eye Essentials, Inc. - 100%, 123 McCloel, LLC - 40%, First Eye Associates, PC - 120%, Atlantic Hite Surgery Center, LLC - 0%, Equity Estates Fund V, LLC - 30% and Equity Estates Fund V, LLC - 50%"
"3MV Bancorp, Inc.",both,"3MV Bancorp, Inc._Y-6_2023-12-31_English_244058446",2023,"Carl J. Troia Jr., Omaha, NE, USA",Attorney,Principal Shareholder,,"General Counsel to Helse Real Estate Group, LLC; Helse Communities Limited Partnership Fund No. 1; Helse Communities Limited Partnership Fund No. 2; Helse Communities Limited Partnership Fund No. 3; Helse Communities Limited Partnership Fund No. 4; Helse Communities Limited Partnership Fund No. 5; Helse Communities Limited Partnership Fund No. 6; Helse Communities Limited Partnership Fund No. 7; Helse Communities Limited Partnership Fund No. 8; Star Equities, Inc. and all related entities. Securities/Treasurer/Director to Star Equities, Inc., President/Secretary/Treasurer/Director to Carl J. Troia, Jr., P.C., L.L.S. and General Partner to Tota Family Limited Partnership",2.47%,,"Key Communities, LLC - 28%, Key Communities 2, LLC - 25%, Key Communities 3, LLC - 25%, Key Communities 4, LLC - 25%, Key Communities 5, LLC - 25%, Key Communities 6, 172 - 25%, Key Communities 7, 172 - 25%, Carl J. Troia, Jr., P.C., L.L.S. - 100%, 234 OSW, LLC - 70%, 2347/301 Grants, LLC - 40%, 163 Central Street, LLC - 25%, 5147/221 Grants, LLC - 50% and 407 N 117 Street, LLC - 25%"
"3MV Bancorp, Inc.",both,"3MV Bancorp, Inc._Y-6_2023-12-31_English_244058446",2023,"Cynthia Troia, Omaha, NE, USA",Retiree,Principal Shareholder,,,0.13%,,
"3MV Bancorp, Inc.",both,"3MV Bancorp, Inc._Y-6_2023-12-31_English_244058446",2023,"Anna Troia, Omaha, NE, USA",Attorney,Principal Shareholder,,"President, Secretary, Treasurer and their Shareholder of Anna E. Troia, P.C., L.L.S.",0.07%,,"Anna E. Troia, P.C., L.L.S. - 100%, 400 TriBass, LLC - 120%, Tota Family Limited Partnership - 30,6346% as a United partner"
"3MV Bancorp, Inc.",both,"3MV Bancorp, Inc._Y-6_2023-12-31_English_244058446",2023,"Barbara Troia, Omaha, NE, USA",Homemaker,Principal Shareholder,,,0.01%,,
"3MV Bancorp, Inc.",both,"3MV Bancorp, Inc._Y-6_2023-12-31_English_244058446",2023,"Virginia Fusco, Omaha, NE, USA",Attorney,Principal Shareholder,,"Side Member of Virginia E. Troia Frasca, L.L.C.",0.17%,,"Virginia E. Troia Frasca, L.L.C. - 100%, 141 2909 FT, LLC - Side Member to the Virginia Fusco 2009 Family Trust, Tota Family Limited Partnership - 29,7471% as a United Partner"
"3MV Bancorp, Inc.",both,"3MV Bancorp, Inc._Y-6_2023-12-31_English_244058446",2023,"Andrew Troia, Omaha, NE, USA",Gohhahnotepia,Principal Shareholder,,,0.01%,,25% of Pediatric Ophthalmology Association P.C.
"3MV Bancorp, Inc.",both,"3MV Bancorp, Inc._Y-6_2023-12-31_English_244058446",2023,"Claire Troia, Omaha, NE, USA",Physician,Principal Shareholder,,,0.01%,,
"3MV Bancorp, Inc.",both,"3MV Bancorp, Inc._Y-6_2023-12-31_English_244058446",2023,"Sarah Troia, New York, NY, USA",Software Engineer,Principal Shareholder,,Senior Software Engineer - Microsoft,0.01%,,"100%, OSW, LLC"
"3MV Bancorp, Inc.",both,"3MV Bancorp, Inc._Y-6_2023-12-31_English_244058446_2",2023,"Dr. Robert Troia, Omaha, NE, USA",Gohhahnotepia,Principal Shareholder,,"Gohhahnotepia for Pediatric Ophthalmology Association, PC",0.62%,,"Tota Family Limited Partnership - 3,733,770%, 0.001%, LLC - 50%, 100 Owns; Street, LLC - 20%, 221 McCloel, LLC - 70%, Equity Estates Fund V, LLC - 30%, Pediatric Ophthalmology Assoc, PC - 52%, 5111 Farrow Street, LLC - 100%, 1,1021 LHC, LLC - 57.9% and Equity Estates Fund V, LLC- 50%"
"3MV Bancorp, Inc.",both,"3MV Bancorp, Inc._Y-6_2023-12-31_English_244058446_2",2023,"Dr. Carol Duda, Omaha, NE, USA",Gohhahnotepia,Principal Shareholder,,"Gohhahnotepia for First Eye Associates, PC",0.63%,,"ARWC, LLC - 50%, Eye Essentials, Inc. - 100%, 123 McCloel, LLC - 40%, First Eye Associates, PC - 120%, Atlantic Hite Surgery Center, LLC - 0%, Equity Estates Fund V, LLC - 30% and Equity Estates Fund V, LLC - 50%"
"3MV Bancorp, Inc.",both,"3MV Bancorp, Inc._Y-6_2023-12-31_English_244058446_2",2023,"Carl J. Troia Jr., Omaha, NE, USA",Attorney,Principal Shareholder,,"General Counsel to Helse Real Estate Group, LLC; Helse Communities Limited Partnership Fund No. 1; Helse Communities Limited Partnership Fund No. 2; Helse Communities Limited Partnership Fund No. 3; Helse Communities Limited Partnership Fund No. 4; Helse Communities Limited Partnership Fund No. 5; Helse Communities Limited Partnership Fund No. 6; Helse Communities Limited Partnership Fund No. 7; Helse Communities Limited Partnership Fund No. 8; Star Equities, Inc. and all related entities. Securities/Treasurer/Director to Star Equities, Inc., President/Secretary/Treasurer/Director to Carl J. Troia, Jr., P.C., L.L.S. and General Partner to Tota Family Limited Partnership",2.47%,,"Key Communities, LLC - 28%, Key Communities 2, LLC - 25%, Key Communities 3, LLC - 25%, Key Communities 4, LLC - 25%, Key Communities 5, LLC - 25%, Key Communities 6, 172 - 25%, Key Communities 7, 172 - 25%, Carl J. Troia, Jr., P.C., L.L.S. - 100%, 234 OSW, LLC - 70%, 2347/301 Grants, LLC - 40%, 163 Central Street, LLC - 25%, 5147/221 Grants, LLC - 50% and 407 N 117 Street, LLC - 25%"
"3MV Bancorp, Inc.",both,"3MV Bancorp, Inc._Y-6_2023-12-31_English_244058446_2",2023,"Cynthia Troia, Omaha, NE, USA",Retiree,Principal Shareholder,,,0.13%,,
"3MV Bancorp, Inc.",both,"3MV Bancorp, Inc._Y-6_2023-12-31_English_244058446_2",2023,"Anna Troia, Omaha, NE, USA",Attorney,Principal Shareholder,,"President, Secretary, Treasurer and One Shareholder of Anna E. Troia, P.C., L.L.S.",0.07%,,"Anna E. Troia, P.C., L.L.S. - 100%, 400 TriBass, LLC - 120%, Tota Family Limited Partnership - 30,6346% as a United partner"
"3MV Bancorp, Inc.",both,"3MV Bancorp, Inc._Y-6_2023-12-31_English_244058446_2",2023,"Barbara Troia, Omaha, NE, USA",Homemaker,Principal Shareholder,,,0.01%,,
"3MV Bancorp, Inc.",both,"3MV Bancorp, Inc._Y-6_2023-12-31_English_244058446_2",2023,"Virginia Fusco, Omaha, NE, USA",Attorney,Principal Shareholder,,"Side Member of Virginia E. Troia Frasca, L.L.C.",0.17%,,"Virginia E. Troia Frasca, L.L.C. - 100%, 141 2909 FT, LLC - Side Member to the Virginia Fusco 2009 Family Trust, Tota Family Limited Partnership - 29,7471% as a United Partner"
"3MV Bancorp, Inc.",both,"3MV Bancorp, Inc._Y-6_2023-12-31_English_244058446_2",2023,"Andrew Troia, Omaha, NE, USA",Gohhahnotepia,Principal Shareholder,,,0.01%,,25% of Pediatric Ophthalmology Association P.C.
"3MV Bancorp, Inc.",both,"3MV Bancorp, Inc._Y-6_2023-12-31_English_244058446_2",2023,"Claire Troia, Omaha, NE, USA",Physician,Principal Shareholder,,,0.01%,,
"3MV Bancorp, Inc.",both,"3MV Bancorp, Inc._Y-6_2023-12-31_English_244058446_2",2023,"Sarah Troia, New York, NY, USA",Software Engineer,Principal Shareholder,,Senior Software Engineer - Microsoft,0.01%,,"100%, OSW, LLC"
"A.N.B. Holding Company, Ltd.",both,"A.N.B. Holding Company, Ltd._Y-6_2023-12-31_English_241335825_1",2023,"Robert A. Hulsey
Dallas, TX, USA",Banker,General Partner & Limited Partner & Managing General Partner,"President & Chief Executive Officer – American National Bank of Texas; Vice Chairman & CEO - ANB Corporation; Director - ANBTX Insurance Services, Inc.; Administrator – Bryant Irvin Capital Trust I; Administrator – ANB Statutory Trust I; Vice President – ANB Assets, LLC; President – ANB Leasing Company; President – ANB Insurance Agency, Inc.","Trustee, Episcopal Foundation of Dallas; Trustee, Episcopal Diocese of Dallas Corporation; Vice President – A. Fern Norville Shelter Foundation; President – Terrell ISD Excellence Foundation, Inc.; Member, Federal Reserve Bank of Dallas - Board of Directors","21.214% (G.P.)
15.056% (L.P.)",0.05% - The ANB Corporation,
"A.N.B. Holding Company, Ltd.",both,"A.N.B. Holding Company, Ltd._Y-6_2023-12-31_English_241335825_1",2023,"Riter C. Hulsey Estate
Dallas, TX, USA",,General Partner,,,5.168% (GP),,
"A.N.B. Holding Company, Ltd.",both,"A.N.B. Holding Company, Ltd._Y-6_2023-12-31_English_241335825_1",2023,"Carol H. Yowell
Longview, TX, USA",,Limited Partner,,,3.552%,.01% - The ANB Corporation,
"A.N.B. Holding Company, Ltd.",both,"A.N.B. Holding Company, Ltd._Y-6_2023-12-31_English_241335825_1",2023,"Brian G. Hulsey
Dallas, TX, USA",Banker,General Partner & Limited Partner,Vice President American National Bank of Texas,,"0.420% (GP)
2.439% (LP)",0.04% - The ANB Corporation,
"A.N.B. Holding Company, Ltd.",both,"A.N.B. Holding Company, Ltd._Y-6_2023-12-31_English_241335825_1",2023,"Carl Stevens White, II
Dallas, TX, USA",Banker,General Partner & Limited Partner,"Banking Center
President -
American National
Bank of Texas",,"0.420% (GP)
6.400% (LP)",,
"A.N.B. Holding Company, Ltd.",both,"A.N.B. Holding Company, Ltd._Y-6_2023-12-31_English_241335825_1",2023,"Gloria Lindsey White
Penny
Ft Worth, TX, USA",Homemaker,General Partner & Limited Partner,,,"0.420% (GP)
6.515% (LP)",,
"A.N.B. Holding Company, Ltd.",both,"A.N.B. Holding Company, Ltd._Y-6_2023-12-31_English_241335825_1",2023,"RCH Trust One for GGC, Carl Stevens White, II, Trustee Terrell, TX, USA",,Limited Partner,,,0.877%,,
"A.N.B. Holding Company, Ltd.",both,"A.N.B. Holding Company, Ltd._Y-6_2023-12-31_English_241335825_1",2023,"J.W. Barrow, III Terrell, TX, USA",,Director,Director - American National Bank of Texas,"President, J.W. Barrow Tire Co., Inc. dba Barrow Auto Co.",0.45%,,"J.W. Barrow Tire Co., Inc. dba Barrow Auto Co. - 100%"
"A.N.B. Holding Company, Ltd.",both,"A.N.B. Holding Company, Ltd._Y-6_2023-12-31_English_241335825_1",2023,"John Davidson Terrell, TX, USA",Banker,President,"Administrator - Bryant Irvin Capital Trust I; Administrator - ANB Statutory Trust I; Administrator - DNB Statutory Trust I; Secretary - ANBTX Insurance Services, Inc.; Secretary - ANB Insurance Agency, Inc.; President - ANB Special Assets, LLC; President - ANB Assets, LLC; President - Moore ANB, LLC; President - ANB Catherine, LLC; President - ANB Frances, LLC; President - ANB Nash, LLC","Secretary/Treasurer - Terrell ISD Excellence Foundation, Inc.",$0.20 %,,
"A.N.B. Holding Company, Ltd.",both,"A.N.B. Holding Company, Ltd._Y-6_2023-12-31_English_241335825_1",2023,"James B. McGinty, III
Terrell, TX, USA",,Director,Director - American National Bank of Texas,"President - Terrell Car Washes, Inc.",$1.61 %,,"Terrell Car Washes, Inc. - 100%"
"A.N.B. Holding Company, Ltd.",both,"A.N.B. Holding Company, Ltd._Y-6_2023-12-31_English_241335825_1",2023,"Ann D. Melsheimer
Scottsdale, AZ, USA",,Director,Director - American National Bank of Texas,Director - Arizona Community Foundation,$1.12 %,,
"A.N.B. Holding Company, Ltd.",both,"A.N.B. Holding Company, Ltd._Y-6_2023-12-31_English_241335825_1",2023,"Kenneth F. Moody
Terrell, TX, USA",Rancher,Director,Director - American National Bank of Texas,"President, Wilson Furniture Co.",$0.92 %,,Wilson Furniture Co. - 50%
"A.N.B. Holding Company, Ltd.",both,"A.N.B. Holding Company, Ltd._Y-6_2023-12-31_English_241335825_1",2023,"Wylie Musser
Terrell, TX, USA",Car Dealership Owner,Director,Director - American National Bank of Texas,"Member, Cronin & Musser LLC; President, WGG Investments, Inc.; President, DeVille Investments, Inc.; President, Cruise Investments, LP; President, Musser Investments, LP, President",$3.63 %,,"Cronin & Musser, LLC - 50%; WG&G Investments, Inc. 40%; DeVille Investments, Inc. 100%; Cruise Investments LP 100%; Musser Investments, LP, 100%"
"A.N.B. Holding Company, Ltd.",both,"A.N.B. Holding Company, Ltd._Y-6_2023-12-31_English_241335825_1",2023,"Tom E. Norton, Jr.
Rockwall, TX, USA",Real Estate Developer,Director,Director - American National Bank of Texas,"President, TENCO Properties Inc; General Partner, C & N, LP",$0.96 %,,"TENCO Properties, Inc. - 100%; C & N, LP - 100%"
"A.N.B. Holding Company, Ltd.",both,"A.N.B. Holding Company, Ltd._Y-6_2023-12-31_English_241335825_1",2023,"Larry Parks
Rockwall, TX, USA",Banker,Director,Director - American National Bank of Texas; Sr. Vice President American National Bank of Texas,"Partner - Haslett Development, Ltd.",$0.06 %,,"Haslett Development, Ltd. 25%"
"A.N.B. Holding Company, Ltd.",both,"A.N.B. Holding Company, Ltd._Y-6_2023-12-31_English_241335825_1",2023,"Dr. Charlie C. Risinger
Terrell, TX, USA",Physician,Chairman,Director - American National Bank of Texas,"Director, Health Texas Provider Network; President, Family Medical Associates, PA; President, C Bar Cattle Company; President, Cloud Top Enterprises LLC; President, Mountain Top Ventures, LP; President, Mountain Top Properties, LP; Partner, C BAR Land & Livestock, LLC; President, CDKC Holdings, LP; Partner, CDR AG Holdings, LLC; President, Wheeler Cattle Growers LLC; President, Wheeler Land & Livestock LLC",1.04%,,"Family Medical Associates, P.A. – 100%; C Bar Cattle Company – 100%; Cloud Top Enterprises, LLC – 100%; Mountain Top Ventures LP – 100%; Mountain Top Properties, LP – 100%; C BAR Land & Livestock, LLC – 50%; CDKC Holdings, LP – 50%; CDR AG Holdings, LLC – 50%; Risinger Farm – 50%; Wheeler Cattle Growers – 42% owned by CDR AG Holdings LLC"
"A.N.B. Holding Company, Ltd.",both,"A.N.B. Holding Company, Ltd._Y-6_2023-12-31_English_241335825_1",2023,"Michelle A. Sheffield
Dallas, TX",,Director,Director - American National Bank of Texas,Chief Information Officer - Benefit Mall,0.05%,,
"A.N.B. Holding Company, Ltd.",both,"A.N.B. Holding Company, Ltd._Y-6_2023-12-31_English_241335825_1",2023,"Sherif Sharawi
Heath, TX",,Director,Director - American National Bank of Texas,"Vive President - National Installers; Vice President - Madix, Inc.; Rockwall Steel Inc. - Director Secretary",0.51%,,"Rockwall Steel, Inc. - 50%;"
"A.N.B. Holding Company, Ltd.",both,"A.N.B. Holding Company, Ltd._Y-6_2023-12-31_English_241335825_1",2023,"James R. Thompson
Kaufman, TX, USA","Owner -
Construction Company",Director,"Director - American
National Bank of Texas","CEO - James R. Thompson, Inc.; Managing Partner -",0.45%,,"James R. Thompson, Inc. -
50%; Tick Ridge, Ltd. - 50%; Thompson Ranch Properties, Ltd. -
50%; JRT Management, Ltd. -
50%; White Rocket, LLC - 50%; Venado Grande, LLC - 50%;
T-38 Talon, LLC - 50%"
"A.N.B. Holding Company, Ltd.",both,"A.N.B. Holding Company, Ltd._Y-6_2023-12-31_English_241335825_1",2023,"Ken Allen
Fayetteville, AR, USA",,Director,"Director - American
National Bank of Texas",,0.11%,,
"A.N.B. Holding Company, Ltd.",both,"A.N.B. Holding Company, Ltd._Y-6_2023-12-31_English_241335825_1",2023,"James Martin
Bunting
Dallas, TX, USA","Entrepreneur/
Professor",Director,"Director - American
National Bank of Texas","CEO - TechMedia Corporation; Free People for People, Inc - CEO",0.02%,,"TechMedia Corp. -
100%; Free People for People, Inc - 74%"
"A.N.B. Holding Company, Ltd.",both,"A.N.B. Holding Company, Ltd._Y-6_2023-12-31_English_241335825_1",2023,"Ross Buhrdorf
Austin, TX, USA",Investor,Director,"Director - American
National Bank of Texas",CEO - CorpTech; Managing Partner -,0.05%,,"Wombatt Capital, LLC - 100%;
CorpTech, LLC - 25%"
"A.N.B. Holding Company, Ltd.",both,"A.N.B. Holding Company, Ltd._Y-6_2023-12-31_English_241335825_1",2023,"Robert Messer
Terrell, TX, USA",Banker,CFO,"Sr.EVP - American
National Bank of Texas",,0.18%,,
"A.N.B. Holding Company, Ltd.",both,"A.N.B. Holding Company, Ltd._Y-6_2023-12-31_English_241335825_1",2023,"Eliot Jones Terrell, TX, USA",Banker,Secretary/ Treasurer,EVP - American National Bank of Texas,,0.45%,,
"A.N.B. Holding Company, Ltd.",both,"A.N.B. Holding Company, Ltd._Y-6_2023-12-31_English_241335825_1",2023,"Suzanne Cruz Sewell Carrollton, TX",,,Director - American National Bank of Texas,,,,
"A.N.B. Holding Company, Ltd.",both,"A.N.B. Holding Company, Ltd._Y-6_2023-12-31_English_241335825_1",2023,"Dennis Cail Dallas, TX, USA",,,Director - American National Bank of Texas,,,,
"A.N.B. Holding Company, Ltd.",both,"A.N.B. Holding Company, Ltd._Y-6_2023-12-31_English_241335825_2",2023,"Robert A. Hulsey
Dallas, TX, USA",Banker,"General Partner &
Limited Partner &
Managing General
Partner","President & Chief
Executive Officer –
American National
Bank of Texas; Vice
Chairman & CEO -
ANB Corporation;
Director - ANBTX
Insurance Services,
Inc.; Administrator –
Bryant Irvin Capital
Trust I;
Administrator – ANB
Statutory Trust I;
Vice President –
ANB Assets, LLC;
President – ANB
Leasing Company;
President – ANB
Insurance Agency,
Inc.","Trustee, Episcopal
Foundation of
Dallas; Trustee,
Episcopal Diocese
of Dallas
Corporation; Vice
President – A. Fern
Norville Shelter
Foundation;
President – Terrell
ISD Excellence
Foundation, Inc.","21.214% (G.P.)
15.056% (L.P.)","0.05% - The ANB
Corporation",
"A.N.B. Holding Company, Ltd.",both,"A.N.B. Holding Company, Ltd._Y-6_2023-12-31_English_241335825_2",2023,"Riter C. Hulsey Estate
Dallas, TX, USA",,General Partner,,,5.168\% (GP),,
"A.N.B. Holding Company, Ltd.",both,"A.N.B. Holding Company, Ltd._Y-6_2023-12-31_English_241335825_2",2023,"Carol H. Yowell
Longview, TX, USA",,Limited Partner,,,3.552\%,.01\% - The ANB Corporation,
"A.N.B. Holding Company, Ltd.",both,"A.N.B. Holding Company, Ltd._Y-6_2023-12-31_English_241335825_2",2023,"Brian G. Hulsey
Dallas, TX, USA",Banker,"General Partner &
Limited Partner","Vice President
American National
Bank of Texas",,"0.420\% (GP)
2.439\% (LP)",0.04\% - The ANB Corporation,
"A.N.B. Holding Company, Ltd.",both,"A.N.B. Holding Company, Ltd._Y-6_2023-12-31_English_241335825_2",2023,"Carl Stevens White, II
Dallas, TX, USA",Banker,"General Partner &
Limited Partner","Banking Center
President -
American National
Bank of Texas",,"0.420\% (GP)
6.400\% (LP)",,
"A.N.B. Holding Company, Ltd.",both,"A.N.B. Holding Company, Ltd._Y-6_2023-12-31_English_241335825_2",2023,"Gloria Lindsey White
Penny
Ft Worth, TX, USA",Homemaker,"General Partner &
Limited Partner",,,"0.420\% (GP)
6.515\% (LP)",,
"A.N.B. Holding Company, Ltd.",both,"A.N.B. Holding Company, Ltd._Y-6_2023-12-31_English_241335825_2",2023,"RCH Trust One for GGC, Carl Stevens White, II, Trustee Terrell, TX, USA",,Limited Partner,,,0.877\%,,
"A.N.B. Holding Company, Ltd.",both,"A.N.B. Holding Company, Ltd._Y-6_2023-12-31_English_241335825_2",2023,"A.N.B. Holding Company, Ltd. Terrell, TX, USA",,Shareholder,,,35.89%,,
"A.N.B. Holding Company, Ltd.",both,"A.N.B. Holding Company, Ltd._Y-6_2023-12-31_English_241335825_2",2023,"J.W. Barrow, III Terrell, TX, USA",,Director,Director - American National Bank of Texas,"President, J.W. Barrow Tire Co., Inc. dba Barrow Auto Co.",0.45%,,"J.W. Barrow Tire Co., Inc. dba Barrow Auto Co. - 100%"
"A.N.B. Holding Company, Ltd.",both,"A.N.B. Holding Company, Ltd._Y-6_2023-12-31_English_241335825_2",2023,"John Davidson
Terrell, TX, USA",Banker,President,"Administrator -
Bryant Irvin Capital
Trust I;
Administrator -
ANB Statutory Trust
I; Administrator -
DNB Statutory Trust
I; Secretary -
ANBTX Insurance
Services, Inc.;
Secretary - ANB
Insurance Agency,
Inc.; President -
ANB Special
Assets, LLC;
President - ANB
Assets, LLC;
President - Moore
ANB, LLC;
President - ANB
Catherine, LLC;
President - ANB
Frances, LLC;
President - ANB
Nash, LLC","Secretary/Treasurer
- Terrell ISD
Excellence
Foundation, Inc.",0.20 \%,,
"A.N.B. Holding Company, Ltd.",both,"A.N.B. Holding Company, Ltd._Y-6_2023-12-31_English_241335825_2",2023,Robert A. Hulsey,Banker,Vice Chairman,"President & Chief Executive Officer American National Bank of Texas; General Partner & Limited Partner A.N.B. Holding Co. Ltd.; Director, ANBTX Insurance Services, Inc.; Administrator Bryant Irvin Capital Trust I; Administrator - ANB Statutory Trust I; Vice President ANB Assets, LLC; President - ANB Leasing Company; President - ANB Insurance Agency, Inc.","Trustee, Episcopal Foundation of Dallas; Trustee, Episcopal Diocese of Dallas Corporation; Vice President, A. Fern Norville Shelter Foundation; President, Terrell ISD Excellence Foundation, Inc.; Member, Federal Reserve Bank of Dallas - Board of Directors",0.05 \%,,
"A.N.B. Holding Company, Ltd.",both,"A.N.B. Holding Company, Ltd._Y-6_2023-12-31_English_241335825_2",2023,"James B. McGinty, III
Terrell, TX, USA",,Director,Director - American National Bank of Texas,"President - Terrell Car Washes, Inc.",1.61 \%,,"Terrell Car Washes, Inc. - 100\%"
"A.N.B. Holding Company, Ltd.",both,"A.N.B. Holding Company, Ltd._Y-6_2023-12-31_English_241335825_2",2023,"Ann D. Melsheimer
Scottsdale, AZ, USA",,Director,Director - American National Bank of Texas,Director - Arizona Community Foundation,1.12 \%,,
"A.N.B. Holding Company, Ltd.",both,"A.N.B. Holding Company, Ltd._Y-6_2023-12-31_English_241335825_2",2023,"Kenneth F. Moody
Terrell, TX, USA",Rancher,Director,Director - American National Bank of Texas,"President, Wilson Furniture Co.",0.92 \%,,Wilson Furniture Co. - 50\%
"A.N.B. Holding Company, Ltd.",both,"A.N.B. Holding Company, Ltd._Y-6_2023-12-31_English_241335825_2",2023,"Wylie Musser
Terrell, TX, USA",Car Dealership Owner,Director,Director - American National Bank of Texas,"Member, Cronin & Musser LLC; President, WGG Investments, Inc.; President, DeVille Investments, Inc.; President, Cruise Investments, LP; President, Musser Investments, LP, President",3.63 \%,,"Cronin & Musser, LLC - 50\%; WG&G Investments, Inc. 40\%; DeVille Investments, Inc. 100\%; Cruise Investments LP 100\%; Musser Investments, LP, 100\%"
"A.N.B. Holding Company, Ltd.",both,"A.N.B. Holding Company, Ltd._Y-6_2023-12-31_English_241335825_2",2023,"Tom E. Norton, Jr.
Rockwall, TX, USA",Real Estate Developer,Director,Director - American National Bank of Texas,"President, TENCO Properties Inc; General Partner, C & N, LP",0.96 \%,,"TENCO Properties, Inc. - 100\%; C & N, LP - 100\%"
"A.N.B. Holding Company, Ltd.",both,"A.N.B. Holding Company, Ltd._Y-6_2023-12-31_English_241335825_2",2023,"Larry Parks
Rockwall, TX, USA",Banker,Director,Director - American National Bank of Texas; Sr. Vice President American National Bank of Texas,"Partner - Haslett Development, Ltd.",0.06 \%,,"Haslett Development, Ltd. 25\%"
"A.N.B. Holding Company, Ltd.",both,"A.N.B. Holding Company, Ltd._Y-6_2023-12-31_English_241335825_2",2023,"Dr. Charlie C. Risinger
Terrell, TX, USA",Physician,Chairman,Director - American National Bank of Texas,"Director, Health Texas Provider Network; President, Family Medical Associates, PA; President, C Bar Cattle Company; President, Cloud Top Enterprises LLC; President, Mountain Top Ventures, LP; President, Mountain Top Properties, LP; Partner, C BAR Land & Livestock, LLC; President, CDKC Holdings, LP; Partner, CDR AG Holdings, LLC; President, Wheeler Cattle Growers LLC; President, Wheeler Land & Livestock LLC",1.04%,,"Family Medical Associates, P.A. – 100%; C Bar Cattle Company – 100%; Cloud Top Enterprises, LLC – 100%; Mountain Top Ventures LP – 100%; Mountain Top Properties, LP – 100%; C BAR Land & Livestock, LLC – 50%; CDKC Holdings, LP – 50%; CDR AG Holdings, LLC – 50%; Risinger Farm – 50%; Wheeler Cattle Growers – 42% owned by CDR AG Holdings LLC"
"A.N.B. Holding Company, Ltd.",both,"A.N.B. Holding Company, Ltd._Y-6_2023-12-31_English_241335825_2",2023,"Michelle A. Sheffield
Dallas, TX",,Director,Director - American National Bank of Texas,Chief Information Officer - Benefit Mall,0.05%,,
"A.N.B. Holding Company, Ltd.",both,"A.N.B. Holding Company, Ltd._Y-6_2023-12-31_English_241335825_2",2023,"Sherif Sharawi
Heath, TX",,Director,Director - American National Bank of Texas,"Vive President - National Installers; Vice President - Madix, Inc.; Rockwall Steel Inc. - Director Secretary",0.51%,,"Rockwall Steel, Inc. - 50%;"
"A.N.B. Holding Company, Ltd.",both,"A.N.B. Holding Company, Ltd._Y-6_2023-12-31_English_241335825_2",2023,"James R. Thompson
Kaufman, TX, USA","Owner -
Construction Company",Director,"Director - American
National Bank of Texas","CEO - James R. Thompson, Inc.; Managing Partner -",0.45%,,"James R. Thompson, Inc. -
50%; Tick Ridge, Ltd. - 50%; Thompson Ranch Properties, Ltd. -
50%; JRT Management, Ltd. -
50%; White Rocket, LLC - 50%; Venado Grande, LLC - 50%;
T-38 Talon, LLC - 50%"
"A.N.B. Holding Company, Ltd.",both,"A.N.B. Holding Company, Ltd._Y-6_2023-12-31_English_241335825_2",2023,"Ken Allen
Fayetteville, AR, USA",,Director,"Director - American
National Bank of Texas",,0.11%,,
"A.N.B. Holding Company, Ltd.",both,"A.N.B. Holding Company, Ltd._Y-6_2023-12-31_English_241335825_2",2023,"James Martin
Bunting
Dallas, TX, USA","Entrepreneur/
Professor",Director,"Director - American
National Bank of Texas","CEO - TechMedia Corporation; Free People for People, Inc - CEO",0.02%,,"TechMedia Corp. -
100%; Free People for People, Inc - 74%"
"A.N.B. Holding Company, Ltd.",both,"A.N.B. Holding Company, Ltd._Y-6_2023-12-31_English_241335825_2",2023,"Ross Buhrdorf
Austin, TX, USA",Investor,Director,"Director - American
National Bank of Texas",CEO - CorpTech; Managing Partner -,0.05%,,"Wombatt Capital, LLC - 100%;
CorpTech, LLC - 25%"
"A.N.B. Holding Company, Ltd.",both,"A.N.B. Holding Company, Ltd._Y-6_2023-12-31_English_241335825_2",2023,"Suzanne Cruz
Sewell
Carrollton, TX",,,"Director - American
National Bank of Texas",,,,
"A.N.B. Holding Company, Ltd.",both,"A.N.B. Holding Company, Ltd._Y-6_2023-12-31_English_241335825_2",2023,"Dennis Cail
Dallas, TX, USA",,,"Director - American
National Bank of Texas",,,,
"A.N.B. Holding Company, Ltd.",both,"A.N.B. Holding Company, Ltd._Y-6_2023-12-31_English_241335825_2",2023,"Robert Messer
Terrell, TX, USA",Banker,CFO,"Sr.EVP - American
National Bank of Texas",,0.18%,,
"A.N.B. Holding Company, Ltd.",both,"A.N.B. Holding Company, Ltd._Y-6_2023-12-31_English_241335825_2",2023,"Eliot Jones
Terrell, TX, USA",Banker,"Secretary/
Treasurer","EVP - American
National Bank of
Texas",,0.45%,,
"ABCT Holdings, Inc",both,"ABCT Holdings, Inc._Y-6_2023-12-31_English_241396052_1",2023,"Todd Moore
Waco, TX USA",,"Chairman, CEO & Director","Chairman, CEO and Director (Alliance Bank Central Texas)","Partner
Director
Wortham Air Conditioning, Inc.",3.968 %,0.00 %,"Wortham Air Conditioning, Inc. - 80 %"
"ABCT Holdings, Inc",both,"ABCT Holdings, Inc._Y-6_2023-12-31_English_241396052_1",2023,"Eric Shero
McGregor, TX USA",,"President, CFO & Director",Chief Financial Officer and Director (Alliance Bank Central Texas),"Member
BTE Investments, LLC
SSH Aviation, LLC
SSH-H Investments, LLC
Fly ME, LLC",4.172 %,0.00 %,"BTE Investments, LLC - 33.3%
SSH Aviation, LLC - 50%
SSH -H Investments, LLC - 100%
Fly Me, LLC - 33.3%"
"ABCT Holdings, Inc",both,"ABCT Holdings, Inc._Y-6_2023-12-31_English_241396052_1",2023,"Benjy Bauer
Waco, TX USA",Owner,Director,"Director
(Alliance Bank Central Texas)","Director
H&B Packing Co, Inc.
Partner
Benjy Bauer Family Holdings, LP
Member
Bauer Brothers Investments, LLC
R&B Investments
Bauer Family, LLC",16.152 %,0.00 %,"H&B Packing Co., Inc. - 50%
Benjy Bauer Family Holdings, LP - 49.5%
Bauer Brother Investments, LLC. - 50%
Waco R&B Investments, LLC.- 33%
Bauer Family, LLC - 100%"
"ABCT Holdings, Inc",both,"ABCT Holdings, Inc._Y-6_2023-12-31_English_241396052_1",2023,"Mark Minor
Lorena, TX USA",Investments,Director,"Director
(Alliance Bank Central Texas)","Director
White Sky, LLC",0.163 %,0.00 %,"White Sky, LLC - 100%"
"ABCT Holdings, Inc",both,"ABCT Holdings, Inc._Y-6_2023-12-31_English_241396052_1",2023,"Georgetta Duncan
Waco, TX USA",Real Estate Mgmt Company,Director,"Director
(Alliance Bank Central Texas)","Real Estate Management
Triliji Group",0.086 %,0.00 %,
"ABCT Holdings, Inc",both,"ABCT Holdings, Inc._Y-6_2023-12-31_English_241396052_1",2023,"Brent Neuhaus
Waco, TX USA",Equipment Company,Director,"Director
(Alliance Bank Central Texas)","Partner
Neuhaus Trust Partnership
Executive Officer
TGBTG Property, LLC
HILLRE, LLC
JORE, LLC
ERE Property, LLC
N2 Ventures
NH Developing
Trustee
Brent A. Neuhaus 1994 Trust",4.362 %,0.00 %,"Neuhaus Trusts Partnership - 33%
TGBTG - 100%
HILLRE, LLC - 100%
JORE, LLC - 100%
ERE Property, LLC - 100%
N2 Ventures - 50%
NH Devolping - 60%
Brent A. Neuhaus 1994 Trust - 100%
BAN 2011 Trust - 100%
BANRE Holdings, LLC - 100%
Director
Lone Star Ag Credit"
"ABCT Holdings, Inc",both,"ABCT Holdings, Inc._Y-6_2023-12-31_English_241396052_1",2023,"Gerald Villarreal
Waco, TX USA",Attorney,Director,"Director
(Alliance Bank Central Texas)","Attorney / Partner
Dunnam and Dunnam LLP",0.180 %,0.00 %,
"ABCT Holdings, Inc",both,"ABCT Holdings, Inc._Y-6_2023-12-31_English_241396052_1",2023,"Sarah Roberts
Waco, TX USA",Consultant,Director,"Director
(Alliance Bank Central Texas)","President
KSR Capital LLC
KSR Real Estate LLC
Member
Central Texas Industrial Partners, LLC",0.866 %,0.00 %,"KSR Capital LLC - 100%
KSR Real Estate, LLC - 100%
Central Texas Industrial Partners - 50%"
"ABCT Holdings, Inc",both,"ABCT Holdings, Inc._Y-6_2023-12-31_English_241396052_1",2023,"Sherman Ayres
Waco, TX USA",Consultant,Director,"Director
(Alliance Bank Central Texas)","CEO
S.R. Ayres and Associates",0.000 %,0.00 %,
"ABCT Holdings, Inc",both,"ABCT Holdings, Inc._Y-6_2023-12-31_English_241396052_1",2023,"James Morton
Waco, TX USA",Dentist,Director,"Director
(Alliance Bank Central Texas)",,1.870 %,0.00 %,
"ABCT Holdings, Inc",both,"ABCT Holdings, Inc._Y-6_2023-12-31_English_241396052_1",2023,"Scott Rogers
Waco, TX USA",,Director,"CLO and Director
(Alliance Bank Central Texas)",,1.174 %,0.00 %,
"ABCT Holdings, Inc",both,"ABCT Holdings, Inc._Y-6_2023-12-31_English_241396052_1",2023,"Ricky Thompson
Waco, TX USA",,Director,"President and Director
(Alliance Bank Central Texas)","Partner
Thompson 83, LLC
GETSD Waco, LLC
Thomson Cattle Company",0.281 %,0.00 %,"Thompson 83, LLC - 100%
GETSD Waco, LLC - 50%
Thompson Cattle Company - 50%"
"ABCT Holdings, Inc",both,"ABCT Holdings, Inc._Y-6_2023-12-31_English_241396052_1",2023,"Jeff Wooley
Waco, TX USA",Attorney; CPA,Director,"Director
(Alliance Bank Central Texas)","Trustee
Wooley 2016 Mgmt Trust
Partner
MWM Real Estate, LLC
WE Training, LLC",0.000 %,0.00 %,"Wooley 2016 Mgmt Trust - 50%
MWM Real Estate, LLC - 50%
WE Training, LLC - 90%"
"ABCT Holdings, Inc.",both,"ABCT Holdings, Inc._Y-6_2023-12-31_English_241396052_2",2023,"Todd Moore
Waco, TX USA",,"Chairman, CEO & Director","Chairman, CEO and Director (Alliance Bank Central Texas)","Partner
Director
Wortham Air Conditioning, Inc.",3.968%,0.00%,"Wortham Air Conditioning, Inc. - 80%"
"ABCT Holdings, Inc.",both,"ABCT Holdings, Inc._Y-6_2023-12-31_English_241396052_2",2023,"Eric Shero
McGregor, TX USA",,"President, CFO & Director",Chief Financial Officer and Director (Alliance Bank Central Texas),"Member
BTE Investments, LLC
SSH Aviation, LLC
SSH-H Investments, LLC
Fly ME, LLC",4.172%,0.00%,"BTE Investments, LLC - 33.3%
SSH Aviation, LLC - 50%
SSH -H Investments, LLC - 100%
Fly Me, LLC - 33.3%"
"ABCT Holdings, Inc.",both,"ABCT Holdings, Inc._Y-6_2023-12-31_English_241396052_2",2023,"Benjy Bauer
Waco, TX USA",Owner,Director,"Director
(Alliance Bank Central Texas)","Director
H&B Packing Co, Inc.
Partner
Benjy Bauer Family Holdings, LP
Member
Bauer Brothers Investments, LLC
R&B Investments
Bauer Family, LLC",16.152%,0.00%,"H&B Packing Co., Inc. - 50%
Benjy Bauer Family Holdings, LP - 49.5%
Bauer Brother Investments, LLC. - 50%
Waco R&B Investments, LLC.- 33%
Bauer Family, LLC - 100%"
"ABCT Holdings, Inc.",both,"ABCT Holdings, Inc._Y-6_2023-12-31_English_241396052_2",2023,"Mark Minor
Lorena, TX USA",Investments,Director,"Director
(Alliance Bank Central Texas)","Director
White Sky, LLC",0.163%,0.00%,"White Sky, LLC - 100%"
"ABCT Holdings, Inc.",both,"ABCT Holdings, Inc._Y-6_2023-12-31_English_241396052_2",2023,"Georgetta Duncan
Waco, TX USA",Real Estate Mgmt Company,Director,"Director
(Alliance Bank Central Texas)","Real Estate Management
Triliji Group",0.086%,0.00%,
"ABCT Holdings, Inc.",both,"ABCT Holdings, Inc._Y-6_2023-12-31_English_241396052_2",2023,"Brent Neuhaus
Waco, TX USA",Equipment Company,Director,"Director
(Alliance Bank Central Texas)","Partner
Neuhaus Trust Partnership
Executive Officer
TGBTG Property, LLC
HILLRE, LLC
JORE, LLC
ERE Property, LLC
N2 Ventures
NH Developing
Trustee
Brent A. Neuhaus 1994 Trust",4.362%,0.00%,"Neuhaus Trusts Partnership - 33%
TGBTG - 100%
HILLRE, LLC - 100%
JORE, LLC - 100%
ERE Property, LLC - 100%
N2 Ventures - 50%
NH Devolping - 60%
Brent A. Neuhaus 1994 Trust - 100%
BAN 2011 Trust - 100%
BANRE Holdings, LLC - 100%"
"ABCT Holdings, Inc.",both,"ABCT Holdings, Inc._Y-6_2023-12-31_English_241396052_2",2023,"Gerald Villarreal
Waco, TX USA",Attorney,Director,"Director
(Alliance Bank Central Texas)","Attorney / Partner
Dunnam and Dunnam LLP",0.180%,0.00%,
"ABCT Holdings, Inc.",both,"ABCT Holdings, Inc._Y-6_2023-12-31_English_241396052_2",2023,"Sarah Roberts
Waco, TX USA",Consultant,Director,"Director
(Alliance Bank Central Texas)","President
KSR Capital LLC
KSR Real Estate LLC
Member
Central Texas Industrial Partners, LLC",0.866%,0.00%,"KSR Capital LLC - 100%
KSR Real Estate, LLC - 100%
Central Texas Industrial Partners - 50%"
"ABCT Holdings, Inc.",both,"ABCT Holdings, Inc._Y-6_2023-12-31_English_241396052_2",2023,"Sherman Ayres
Waco, TX USA",Consultant,Director,"Director
(Alliance Bank Central Texas)","CEO
S.R. Ayres and Associates",0.000%,0.00%,
"ABCT Holdings, Inc.",both,"ABCT Holdings, Inc._Y-6_2023-12-31_English_241396052_2",2023,"James Morton
Waco, TX USA",Dentist,Director,"Director
(Alliance Bank Central Texas)",,1.870%,0.00%,
"ABCT Holdings, Inc.",both,"ABCT Holdings, Inc._Y-6_2023-12-31_English_241396052_2",2023,"Scott Rogers
Waco, TX USA",,Director,"CLO and Director
(Alliance Bank Central Texas)",,1.174%,0.00%,
"ABCT Holdings, Inc.",both,"ABCT Holdings, Inc._Y-6_2023-12-31_English_241396052_2",2023,"Ricky Thompson
Waco, TX USA",,Director,"President and Director
(Alliance Bank Central Texas)","Partner
Thompson 83, LLC
GETSD Waco, LLC
Thomson Cattle Company",0.281%,0.00%,"Thompson 83, LLC - 100%
GETSD Waco, LLC - 50%
Thompson Cattle Company - 50%"
"ABCT Holdings, Inc.",both,"ABCT Holdings, Inc._Y-6_2023-12-31_English_241396052_2",2023,"Jeff Wooley
Waco, TX USA",Attorney; CPA,Director,"Director
(Alliance Bank Central Texas)","Trustee
Wooley 2016 Mgmt Trust
Partner
MWM Real Estate, LLC
WE Training, LLC",0.000%,0.00%,"Wooley 2016 Mgmt Trust - 50%
MWM Real Estate, LLC - 50%
WE Training, LLC - 90%"
"AC BANCORP, INC.",both,"AC Bancorp, Inc._Y-6_2023-12-31_English_230650036",2023,"William C. Engel Springfield, Illinois, USA","Brandt Consolidated, Inc.",Chairman Director Alliance Community Bank,Chairman Director Alliance Community Bank,,,,
"AC BANCORP, INC.",both,"AC Bancorp, Inc._Y-6_2023-12-31_English_230650036",2023,"Douglas Gelberman Petersburg, Illinois, USA",Farmer,Director,Director Alliance Community Bank,,,,
"AC BANCORP, INC.",both,"AC Bancorp, Inc._Y-6_2023-12-31_English_230650036",2023,"Joshi Gronewood Petersburg, Illinois, USA",Banker,Executive Vice President Director Alliance Community Bank,Executive Vice President Director Alliance Community Bank,,,,
"AC BANCORP, INC.",both,"AC Bancorp, Inc._Y-6_2023-12-31_English_230650036",2023,"Steven W. Johnson Athens, Illinois, USA",Insurance,Secretary Director,Secretary Director Alliance Community Bank,,,,
"AC BANCORP, INC.",both,"AC Bancorp, Inc._Y-6_2023-12-31_English_230650036",2023,"John L. Leimberger Petersburg, Illinois, USA",Banker,President/CEO Director Alliance Community Bank,President/CEO Director Alliance Community Bank,,,,
"AC BANCORP, INC.",both,"AC Bancorp, Inc._Y-6_2023-12-31_English_230650036",2023,"Kyle T. Killebrew Springfield, Illinois, USA",Reseller,Director,Director Alliance Community Bank,,,,
"AC BANCORP, INC.",both,"AC Bancorp, Inc._Y-6_2023-12-31_English_230650036",2023,"Amy Logsdon Petersburg, Illinois, USA",Banker,Senior Vice President,Senior Vice President Alliance Community Bank,,,,
"AC BANCORP, INC.",both,"AC Bancorp, Inc._Y-6_2023-12-31_English_230650036",2023,"Judith Olesen Petersburg, Illinois, USA",Reseller,Vice Chairman Director Alliance Community Bank,Vice Chairman Director Alliance Community Bank,,,,
"AC BANCORP, INC.",both,"AC Bancorp, Inc._Y-6_2023-12-31_English_230650036",2023,"Charles K. Smith Petersburg, Illinois, USA",Attorney,Director,Director Alliance Community Bank,,,,
"AC BANCORP, INC.",both,"AC Bancorp, Inc._Y-6_2023-12-31_English_230650036",2023,"Kevin Thomas Caldwell, Illinois, USA",Farmer,Director,Director Alliance Community Bank,,,,
"AC BANCORP, INC.",both,"AC Bancorp, Inc._Y-6_2023-12-31_English_230650036",2023,"Robert W. Zeid Athens, Illinois, USA",Farmer,Director,Director Alliance Community Bank,,,,
"AC Bancorp, Inc.",both,"AC Bancorp, Inc._Y-6_2023-12-31_English_230650036_2",2023,"William C. Engel Springfield, Illinois, USA","Brandt Consolidated, Inc.",Chairman Director Alliance Community Bank,Chairman Director Alliance Community Bank,,,,
"AC Bancorp, Inc.",both,"AC Bancorp, Inc._Y-6_2023-12-31_English_230650036_2",2023,"Douglas Gelberman Petersburg, Illinois, USA",Farmer,Director,Director Alliance Community Bank,,,,
"AC Bancorp, Inc.",both,"AC Bancorp, Inc._Y-6_2023-12-31_English_230650036_2",2023,"Joshi Gronewood Petersburg, Illinois, USA",Banker,Executive Vice President Director Alliance Community Bank,Executive Vice President Director Alliance Community Bank,,,,
"AC Bancorp, Inc.",both,"AC Bancorp, Inc._Y-6_2023-12-31_English_230650036_2",2023,"Steven W. Johnson Athens, Illinois, USA",Insurance,Secretary Director,Secretary Director Alliance Community Bank,,,,
"AC Bancorp, Inc.",both,"AC Bancorp, Inc._Y-6_2023-12-31_English_230650036_2",2023,"John L. Leimberger Petersburg, Illinois, USA",Banker,President/CEO Director Alliance Community Bank,President/CEO Director Alliance Community Bank,,,,
"AC Bancorp, Inc.",both,"AC Bancorp, Inc._Y-6_2023-12-31_English_230650036_2",2023,"Kyle T. Killebrew Springfield, Illinois, USA",Reseller,Director,Director Alliance Community Bank,,,,
"AC Bancorp, Inc.",both,"AC Bancorp, Inc._Y-6_2023-12-31_English_230650036_2",2023,"Amy Logsdon Petersburg, Illinois, USA",Banker,Senior Vice President,Senior Vice President Alliance Community Bank,,,,
"AC Bancorp, Inc.",both,"AC Bancorp, Inc._Y-6_2023-12-31_English_230650036_2",2023,"Judith Olesen Petersburg, Illinois, USA",Reseller,Vice Chairman Director Alliance Community Bank,Vice Chairman Director Alliance Community Bank,,,,
"AC Bancorp, Inc.",both,"AC Bancorp, Inc._Y-6_2023-12-31_English_230650036_2",2023,"Charles K. Smith Petersburg, Illinois, USA",Attorney,Director,Director Alliance Community Bank,,,,
"AC Bancorp, Inc.",both,"AC Bancorp, Inc._Y-6_2023-12-31_English_230650036_2",2023,"Kevin Thomas Caldwell, Illinois, USA",Farmer,Director,Director Alliance Community Bank,,,,
"AC Bancorp, Inc.",both,"AC Bancorp, Inc._Y-6_2023-12-31_English_230650036_2",2023,"Robert W. Zeid Athens, Illinois, USA",Farmer,Director,Director Alliance Community Bank,,,,
American First National Bank,both,"AFNB Holdings, Inc._Y-6_2023-12-31_English_241394922_1",2023,"Wu, Wen Lung (Wu, Henry) Houston, TX, USA",Business Entrepreneur,Chairman & CEO Director,Chairman American First National Bank,President Hugesen Polymers USA L.P.,13.2612% N/A,,Hugesen Polymers USA – 60% C & W Packaging – 60%
American First National Bank,both,"AFNB Holdings, Inc._Y-6_2023-12-31_English_241394922_1",2023,"Wu, James Houston, TX, USA",Hugesen Polymers,,,Vice President Hugesen Polymers USA L.P.,3.2990% N/A,,
American First National Bank,both,"AFNB Holdings, Inc._Y-6_2023-12-31_English_241394922_1",2023,"Wu, Janae Houston, TX, USA",Hugesen Polymers,,,Manager Hugesen Polymers USA L.P.,3.3910% N/A,,
American First National Bank,both,"AFNB Holdings, Inc._Y-6_2023-12-31_English_241394922_1",2023,"C & W Packaging LP Houston, TX, USA",(non-managing),,,,0.0464% N/A,,
American First National Bank,both,"AFNB Holdings, Inc._Y-6_2023-12-31_English_241394922_1",2023,"Hugesen Polymers USA, LP Houston, TX, USA",(Non-managing),,,,0.6816% N/A,,
American First National Bank,both,"AFNB Holdings, Inc._Y-6_2023-12-31_English_241394922_1",2023,"Chang, Bruce Sugar Land, TX, USA",Banker,President Director,President/CEO American First National Bank,"Owner – Bruce Y. Chang, CF",0.2721% N/A,,"Bruce Y. Chang, CPA – 100%"
American First National Bank,both,"AFNB Holdings, Inc._Y-6_2023-12-31_English_241394922_1",2023,"Fann, Mike Pearland, TX, USA",Banker,Treasurer,"Cashier, Controller American First National Bank",,0.4009% N/A,,
American First National Bank,both,"AFNB Holdings, Inc._Y-6_2023-12-31_English_241394922_1",2023,"You, Joanne Sugar Land, TX, USA",Banker,Secretary,HR Manager Board Secretary American First National Bank,,0.0979% N/A,,
American First National Bank,both,"AFNB Holdings, Inc._Y-6_2023-12-31_English_241394922_1",2023,"Change, Ray S SugarLand, TX, USA","Retired from President, C & W Trucking Svc, Inc",Director,,,1.1780%,,
American First National Bank,both,"AFNB Holdings, Inc._Y-6_2023-12-31_English_241394922_1",2023,"Chen, Wen-Chuan New Orleans, LA, USA","Retired from President, Holiday Motel East Inc",Director,,,1.7355%,,
American First National Bank,both,"AFNB Holdings, Inc._Y-6_2023-12-31_English_241394922_1",2023,"Cheng, Paul Littleton, CO, USA",Retired from Sr. Mgr. Lockheed Martin Astraatics,Director,,,0.9942%,,
American First National Bank,both,"AFNB Holdings, Inc._Y-6_2023-12-31_English_241394922_1",2023,"Chien, Wu-Ann Andy SugarLand, TX, USA",Business Entrepreneur,Director,,Director & Secretary Walrus America Inc,1.3871%,,Walrus America Inc- 33%
American First National Bank,both,"AFNB Holdings, Inc._Y-6_2023-12-31_English_241394922_1",2023,"Chuang, Hsing Hua Chino Hills, CA, USA","Retired from President, TY Cushion Tire Co.",Director,,,0.2572%,,
American First National Bank,both,"AFNB Holdings, Inc._Y-6_2023-12-31_English_241394922_1",2023,"Lakhany, Ali Houston, TX, USA",Business Entrepreneur,Director,,C.E.O. A Lakhany Intl Inc,0.1720%,,A. Lakhany International- 100% LB Consolidated LLC- 35% Verge Mobile LLC- 25% Verge Mgmt LLC- 25% Verge Capital Investments- 25% LBIF Capital- 50% LBIF Holdings- 50%
American First National Bank,both,"AFNB Holdings, Inc._Y-6_2023-12-31_English_241394922_1",2023,"Kao, Cheng Yuan Houston, TX, USA",Business Entrepreneur,Director,,President W-K-M Investment,2.9105%,,W-K-M Investments- 100%
American First National Bank,both,"AFNB Holdings, Inc._Y-6_2023-12-31_English_241394922_1",2023,"Kao, Jui Ing Chang Houston, TX, USA",Housewife,,,,1.2837%,,
American First National Bank,both,"AFNB Holdings, Inc._Y-6_2023-12-31_English_241394922_1",2023,"Kao, Jeanette Northbrook, IL, USA",Manager,,,,1.1684%,,
American First National Bank,both,"AFNB Holdings, Inc._Y-6_2023-12-31_English_241394922_1",2023,"Miller, Ronnie L Bay City, TX, USA",Business Entrepreneur,Director,,Manager/Treasurer Taylor Brothers Funeral Home Ltd,0.7228%,,
American First National Bank,both,"AFNB Holdings, Inc._Y-6_2023-12-31_English_241394922_1",2023,"Sun, Steven Houston, TX, USA",Retired from Owner of Matsu Japanese Restaurant,Director,,,2.3030%,,
American First National Bank,both,"AFNB Holdings, Inc._Y-6_2023-12-31_English_241394922_1",2023,"Wang, Chong-Huey Hong Sugar Land, TX, USA","Retired from President, Wang's Reservoir Technology Inc",Director,,,0.7703%,,
American First National Bank,both,"AFNB Holdings, Inc._Y-6_2023-12-31_English_241394922_1",2023,"Wu, Gor Pau Sugar Land, TX, USA",Business Entrepreneur,Director,,President Western In Motel,0.7505%,,Western In Motel- 50% Red Carpet/59- 33% Red Carpet/45- 33%
American First National Bank,both,"AFNB Holdings, Inc._Y-6_2023-12-31_English_241394922_1",2023,"Tseng, George S. Cooper City, FL, USA",Business Entrepreneur,Director,,President Tseng Consulting Group Inc,2.0881%,,Tseng Consulting Group Inc.- Florida 100%
American First National Bank,both,"AFNB Holdings, Inc._Y-6_2023-12-31_English_241394922_1",2023,"Tseng, Kwei-Mei Cooper City, FL, USA",housewife,,,,7.4499%,,
American First National Bank,both,"AFNB Holdings, Inc._Y-6_2023-12-31_English_241394922_1",2023,"Tseng, Albert Denver CO",Doctor,,,,0.2871%,,
American First National Bank,both,"AFNB Holdings, Inc._Y-6_2023-12-31_English_241394922_1",2023,"Tseng, Mary Englewood CO",Manager,,,,0.2474%,,
American First National Bank,both,"AFNB Holdings, Inc._Y-6_2023-12-31_English_241394922_1",2023,"Tseng, Nancy Kisha Highland Heights OH",Manager,,,,0.2474%,,
"AFNB Holdings, Inc.",both,"AFNB Holdings, Inc._Y-6_2023-12-31_English_241394922_2",2023,"Wu, Wen Lung (Wu, Henry) Houston, TX, USA",Business Entrepreneur,Chairman & CEO Director,"Chairman American First National Bank
President Hugesen Polymers USA L.P.",,13.2612% N/A,,"Hugesen Polymers USA – 60%
C & W Packaging – 60%"
"AFNB Holdings, Inc.",both,"AFNB Holdings, Inc._Y-6_2023-12-31_English_241394922_2",2023,"Wu, James Houston, TX, USA",Hugesen Polymers,,Vice President Hugesen Polymers USA L.P.,,3.2990% N/A,,
"AFNB Holdings, Inc.",both,"AFNB Holdings, Inc._Y-6_2023-12-31_English_241394922_2",2023,"Wu, Janae Houston, TX, USA",Hugesen Polymers,,Manager Hugesen Polymers USA L.P.,,3.3910% N/A,,
"AFNB Holdings, Inc.",both,"AFNB Holdings, Inc._Y-6_2023-12-31_English_241394922_2",2023,"C & W Packaging LP (non-managing) Houston, TX, USA",,,,,0.0464% N/A Henry:James:Janae Share%: 60:20:20,,
"AFNB Holdings, Inc.",both,"AFNB Holdings, Inc._Y-6_2023-12-31_English_241394922_2",2023,"Hugesen Polymers USA, LP (Non-managing) Houston, TX, USA",,,,,0.6816% N/A Henry:James:Janae Share%: 60:20:20,,
"AFNB Holdings, Inc.",both,"AFNB Holdings, Inc._Y-6_2023-12-31_English_241394922_2",2023,"Chang, Bruce Sugar Land, TX, USA",Banker,President Director,"President/CEO American First National Bank
Owner – Bruce Y. Chang, CF",,0.2721% N/A,,"Bruce Y. Chang, CPA – 100%"
"AFNB Holdings, Inc.",both,"AFNB Holdings, Inc._Y-6_2023-12-31_English_241394922_2",2023,"Fann, Mike Pearland, TX, USA",Banker,Treasurer,"Cashier, Controller American First National Bank",,0.4009% N/A,,
"AFNB Holdings, Inc.",both,"AFNB Holdings, Inc._Y-6_2023-12-31_English_241394922_2",2023,"You, Joanne Sugar Land, TX, USA",Banker,Secretary,HR Manager Board Secretary American First National Bank,,0.0979% N/A,,
"AFNB Holdings, Inc.",both,"AFNB Holdings, Inc._Y-6_2023-12-31_English_241394922_2",2023,"Chang, Ray S SugarLand, TX, USA","Retired from President,
C & W Trucking Svc, Inc",Director,,,1.1780%,,
"AFNB Holdings, Inc.",both,"AFNB Holdings, Inc._Y-6_2023-12-31_English_241394922_2",2023,"Chen, Wen-Chuan New Orleans, LA, USA","Retired from President,
Holiday Motel East Inc",Director,,,1.7355%,,
"AFNB Holdings, Inc.",both,"AFNB Holdings, Inc._Y-6_2023-12-31_English_241394922_2",2023,"Cheng, Paul Littleton, CO, USA","Retired from Sr. Mgr.
Lockheed Martin Astraatics",Director,,,0.9942%,,
"AFNB Holdings, Inc.",both,"AFNB Holdings, Inc._Y-6_2023-12-31_English_241394922_2",2023,"Chien, Wu-Ann Andy SugarLand, TX, USA",Business Entrepreneur,Director,"Director & Secretary
Walrus America Inc",,1.3871%,,Walrus America Inc- 33%
"AFNB Holdings, Inc.",both,"AFNB Holdings, Inc._Y-6_2023-12-31_English_241394922_2",2023,"Chuang, Hsing Hua Chino Hills, CA, USA","Retired from President,
TY Cushion Tire Co.",Director,,,0.2572%,,
"AFNB Holdings, Inc.",both,"AFNB Holdings, Inc._Y-6_2023-12-31_English_241394922_2",2023,"Lakhany, Ali Houston, TX, USA",Business Entrepreneur,Director,"C.E.O.
A Lakhany Intl Inc",,0.1720%,,"A. Lakhany International- 100%
LB Consolidated LLC- 35%
Verge Mobile LLC- 25%
Verge Mgmt LLC- 25%
Verge Capital Investments- 25%
LBIF Capital- 50%
LBIF Holdings- 50%"
"AFNB Holdings, Inc.",both,"AFNB Holdings, Inc._Y-6_2023-12-31_English_241394922_2",2023,"Kao, Cheng Yuan Houston, TX, USA",Business Entrepreneur,Director,"President
W-K-M Investment",,2.9105%,,W-K-M Investments- 100%
"AFNB Holdings, Inc.",both,"AFNB Holdings, Inc._Y-6_2023-12-31_English_241394922_2",2023,"Kao, Jui Ing Chang Houston, TX, USA",Housewife,,,,1.2837%,,
"AFNB Holdings, Inc.",both,"AFNB Holdings, Inc._Y-6_2023-12-31_English_241394922_2",2023,"Kao, Jeanette Northbrook, IL, USA",Manager,,,,1.1684%,,
"AFNB Holdings, Inc.",both,"AFNB Holdings, Inc._Y-6_2023-12-31_English_241394922_2",2023,"Miller, Ronnie L Bay City, TX, USA",Business Entrepreneur,Director,"Manager/Treasurer
Taylor Brothers Funeral Home Ltd",,0.7228%,,
"AFNB Holdings, Inc.",both,"AFNB Holdings, Inc._Y-6_2023-12-31_English_241394922_2",2023,"Sun, Steven Houston, TX, USA","Retired from Owner of
Matsu Japanese Restaurant",Director,,,2.3030%,,
"AFNB Holdings, Inc.",both,"AFNB Holdings, Inc._Y-6_2023-12-31_English_241394922_2",2023,"Wang, Chong-Huey Hong Sugar Land, TX, USA","Retired from President,
Wang's Reservoir Technology Inc",Director,,,0.7703%,,
"AFNB Holdings, Inc.",both,"AFNB Holdings, Inc._Y-6_2023-12-31_English_241394922_2",2023,"Wu, Gor Pau Sugar Land, TX, USA",Business Entrepreneur,Director,"President
Western In Motel",,0.7505%,,"Western In Motel- 50%
Red Carpet/59- 33%
Red Carpet/45- 33%"
"AFNB Holdings, Inc.",both,"AFNB Holdings, Inc._Y-6_2023-12-31_English_241394922_2",2023,"Tseng, George S. Cooper City, FL, USA",Business Entrepreneur,Director,"President
Tseng Consulting Group Inc",,2.0881%,,"Tseng Consulting Group Inc.-
Florida 100%"
"AFNB Holdings, Inc.",both,"AFNB Holdings, Inc._Y-6_2023-12-31_English_241394922_2",2023,"Tseng, Kwei-Mei Cooper City, FL, USA",housewife,,,,7.4499%,,
"AFNB Holdings, Inc.",both,"AFNB Holdings, Inc._Y-6_2023-12-31_English_241394922_2",2023,"Tseng, Albert Denver CO",Doctor,,,,0.2871%,,
"AFNB Holdings, Inc.",both,"AFNB Holdings, Inc._Y-6_2023-12-31_English_241394922_2",2023,"Tseng, Mary Englewood CO",Manager,,,,0.2474%,,
"AFNB Holdings, Inc.",both,"AFNB Holdings, Inc._Y-6_2023-12-31_English_241394922_2",2023,"Tseng, Nancy Kisha Highland Heights OH",Manager,,,,0.2474%,,
AMG National Corp.,both,AMG National Corp._Y-6_2023-12-31_English_244153891,2023,"Earl L. Wright
Castle Rock, CO, USA",,"CEO, President, & Chairman of the Board","Chairman of the Board (AMG National Trust Bank), Director (FANUM, Inc.)","Trustee (Earl L. Wright Fifth Amended Revocable Trust Agreement dated February 9, 2024), President (Asset Management Group Investment Corp.), GP (Asset Management Group Holding Co.), GP (Wrihanberg), Treasurer (Zanon CR Nielsen Foundation, Inc.), Director (Common Sense Policy Roundtable), Trustee (University of Nebraska Foundation), Emeriti Trustee (Diane College), Emeriti Trustee (Boy Scouts of Denver)",8.4%,0.0%,"Earl L. Wright Fifth Amended Revocable Trust Agreement dated February 9, 2024 (100%), Asset Management Group Holding Co. (98%), Wrihanberg (50%)"
AMG National Corp.,both,AMG National Corp._Y-6_2023-12-31_English_244153891,2023,"Michael S. Wright
Castle Rock, CO, USA",Entrepreneur,Director,"Director (AMG National Trust Bank), Director (FANUM, Inc.)","President (Second Frontiers, LLC), Trustee (E&N – AMG National Trust Bank Irrevocable Trust FBO Michael S. Wright), Trustee (E&N – AMG National Trust Bank Irrevocable Trust FBO Jacob T. Wright), Trustee (E&N – AMG National Trust Bank Irrevocable Trust FBO James E. Wright II), Trustee (NSW – AMG National Trust Bank Irrevocable Trust FBO Michael S. Wright), Trustee (NSW – AMG National Trust Bank Irrevocable Trust FBO David M. Wright), Trustee (NSW – AMG National Trust Bank Irrevocable Trust FBO Jacob T. Wright), Trustee (NSW – AMG National Trust Bank Irrevocable Trust FBO James E. Wright II), Trustee (Michael S. Wright Living Trust), Manager (Global Futbol United), Director (f20 Sports Corporation fba Crypto Sports Revolution)",36.3%,0.0%,"Second Frontiers LLC (100%), E&N – AMG National Trust Bank Irrevocable Trust FBO Michael S. Wright (100%), E&N – AMG National Trust Bank Irrevocable Trust FBO Jacob T. Wright (100%), E&N – AMG National Trust Bank Irrevocable Trust FBO James E. Wright II (100%), NSW – AMG National Trust Bank Irrevocable Trust FBO Michael S. Wright (100%), NSW – AMG National Trust Bank Irrevocable Trust FBO David M. Wright (100%), NSW – AMG National Trust Bank Irrevocable Trust FBO Jacob T. Wright (100%), NSW – AMG National Trust Bank Irrevocable Trust FBO James E. Wright II (100%), Global Futbol United (100%), Michael S. Wright Living Trust (100%)"
AMG National Corp.,both,AMG National Corp._Y-6_2023-12-31_English_244153891,2023,"Michael D. Bergmann
Bow Mar, CO, USA",,"Senior Executive Vice President, Director","Senior Executive Vice President & Chief Investment Officer (AMG National Trust Bank), Director (FANUM, Inc.)","Co-Trustee (Community Property Trust under the Amendment and Restatement of the Michael Dean Bergmann and Alma F. Bergmann Declaration of Trust dld 6/12/12), Vice President (Asset Management Group Investment Corp.), GP (Asset Management Group Holding Co.), GP (Wrihanberg)",12.6%,0.0%,"Community Property Trust under the Amendment and Restatement of the Michael Dean Bergmann and Alma F. Bergmann Declaration of Trust dld 6/12/12 (50%), Asset Management Group Holding Co. (42%), Wrihanberg (25%)"
AMG National Corp.,both,AMG National Corp._Y-6_2023-12-31_English_244153891,2023,"Alma F. Bergmann
Bow Mar, CO, USA",Retired,,,"Trustee (Community Property Trust under the Amendment and Restatement of the Michael Dean and Alma F. Bergmann Declaration of Trust dld 6/12/12), Trustee (Bergmann 2011 Irrevocable Trust under agreement dated December 16, 2011), Trustee (Alma F. Bergmann Trust under the Amendment and Restatement of the Michael Dean Bergmann and Alma F. Bergmann Declaration of Trust dld 6/12/12), Trustee (George J. Fleck Trust)",27.8%,0.0%,Community Property Trust under the Amendment and Restatement of the Michael Dean Bergmann and Alma F. Bergmann Declaration of Trust dld 6/12/12 (100%)
AMG National Corp.,both,AMG National Corp._Y-6_2023-12-31_English_244153891,2023,"Nathan M. Bergmann
Denver, CO, USA",Entrepreneur,,,Managing Partner (Fox Trail Consulting),1.3%,0.0%,
AMG National Corp.,both,AMG National Corp._Y-6_2023-12-31_English_244153891,2023,"Kelley M. Bergmann
Denver, CO, USA",,,Community Concierge (AMG National Trust Bank),"VP and Director (Museum of Outdoor Arts), Director (Green Up Our Schools)",1.2%,0.0%,
AMG National Corp.,both,AMG National Corp._Y-6_2023-12-31_English_244153891,2023,"Sheryl L. Bollinger
Englewood, CO, USA",,"Executive Vice President, Assistant Secretary, Director","CEO, President, General Counsel, Chief Compliance Officer, Assistant Secretary, & Senior Executive Trust Officer (AMG National Trust Bank), Director (FANUM, Inc.)","Director (Junior Achievement - Rocky Mountain), Director (Colorado Bankers Association)",2.2%,0.0%,
AMG National Corp.,both,AMG National Corp._Y-6_2023-12-31_English_244153891_2,2023,"Earl L. Wright
Castle Rock, CO, USA",,"CEO, President, & Chairman of the Board","Chairman of the Board (AMG National Trust Bank), Director (FANUM, Inc.)","Trustee (Earl L. Wright Fifth Amended Revocable Trust Agreement dated February 9, 2024), President (Asset Management Group Investment Corp.), GP (Asset Management Group Holding Co.), GP (Wrihanberg), Treasurer (Zanon CR Nielsen Foundation, Inc.), Director (Common Sense Policy Roundtable), Trustee (University of Nebraska Foundation), Emeriti Trustee (Diane College), Emeriti Trustee (Boy Scouts of Denver)",8.4%,0.0%,"Earl L. Wright Fifth Amended Revocable Trust Agreement dated February 9, 2024 (100%), Asset Management Group Holding Co. (98%), Wrihanberg (50%)"
AMG National Corp.,both,AMG National Corp._Y-6_2023-12-31_English_244153891_2,2023,"Michael S. Wright
Castle Rock, CO, USA",Entrepreneur,Director,"Director (AMG National Trust Bank), Director (FANUM, Inc.)","President (Second Frontiers, LLC), Trustee (E&N – AMG National Trust Bank Irrevocable Trust FBO Michael S. Wright), Trustee (E&N – AMG National Trust Bank Irrevocable Trust FBO Jacob T. Wright), Trustee (E&N – AMG National Trust Bank Irrevocable Trust FBO James E. Wright II), Trustee (NSW – AMG National Trust Bank Irrevocable Trust FBO Michael S. Wright), Trustee (NSW – AMG National Trust Bank Irrevocable Trust FBO David M. Wright), Trustee (NSW – AMG National Trust Bank Irrevocable Trust FBO Jacob T. Wright), Trustee (NSW – AMG National Trust Bank Irrevocable Trust FBO James E. Wright II), Trustee (Michael S. Wright Living Trust), Manager (Global Futbol United), Director (f20 Sports Corporation fba Crypto Sports Revolution)",36.3%,0.0%,"Second Frontiers LLC (100%), E&N – AMG National Trust Bank Irrevocable Trust FBO Michael S. Wright (100%), E&N – AMG National Trust Bank Irrevocable Trust FBO Jacob T. Wright (100%), E&N – AMG National Trust Bank Irrevocable Trust FBO James E. Wright II (100%), NSW – AMG National Trust Bank Irrevocable Trust FBO Michael S. Wright (100%), NSW – AMG National Trust Bank Irrevocable Trust FBO David M. Wright (100%), NSW – AMG National Trust Bank Irrevocable Trust FBO Jacob T. Wright (100%), NSW – AMG National Trust Bank Irrevocable Trust FBO James E. Wright II (100%), Global Futbol United (100%), Michael S. Wright Living Trust (100%)"
AMG National Corp.,both,AMG National Corp._Y-6_2023-12-31_English_244153891_2,2023,"Michael D. Bergmann
Bow Mar, CO, USA",,"Senior Executive Vice President, Director","Senior Executive Vice President & Chief Investment Officer (AMG National Trust Bank), Director (FANUM, Inc.)","Co-Trustee (Community Property Trust under the Amendment and Restatement of the Michael Dean Bergmann and Alma F. Bergmann Declaration of Trust dld 6/12/12), Vice President (Asset Management Group Investment Corp.), GP (Asset Management Group Holding Co.), GP (Wrihanberg)",12.6%,0.0%,"Community Property Trust under the Amendment and Restatement of the Michael Dean Bergmann and Alma F. Bergmann Declaration of Trust dld 6/12/12 (50%), Asset Management Group Holding Co. (42%), Wrihanberg (25%)"
AMG National Corp.,both,AMG National Corp._Y-6_2023-12-31_English_244153891_2,2023,"Alma F. Bergmann
Bow Mar, CO, USA",Retired,,,"Trustee (Community Property Trust under the Amendment and Restatement of the Michael Dean and Alma F. Bergmann Declaration of Trust dld 6/12/12), Trustee (Bergmann 2011 Irrevocable Trust under agreement dated December 16, 2011), Trustee (Alma F. Bergmann Trust under the Amendment and Restatement of the Michael Dean Bergmann and Alma F. Bergmann Declaration of Trust dld 6/12/12), Trustee (George J. Fleck Trust)",27.8%,0.0%,Community Property Trust under the Amendment and Restatement of the Michael Dean Bergmann and Alma F. Bergmann Declaration of Trust dld 6/12/12 (100%)
AMG National Corp.,both,AMG National Corp._Y-6_2023-12-31_English_244153891_2,2023,"Nathan M. Bergmann
Denver, CO, USA",Entrepreneur,,,Managing Partner (Fox Trail Consulting),1.3%,0.0%,
AMG National Corp.,both,AMG National Corp._Y-6_2023-12-31_English_244153891_2,2023,"Kelley M. Bergmann
Denver, CO, USA",,,Community Concierge (AMG National Trust Bank),"VP and Director (Museum of Outdoor Arts), Director (Green Up Our Schools)",1.2%,0.0%,
AMG National Corp.,both,AMG National Corp._Y-6_2023-12-31_English_244153891_2,2023,"Sheryl L. Bollinger
Englewood, CO, USA",,"Executive Vice President, Assistant Secretary, Director","CEO, President, General Counsel, Chief Compliance Officer, Assistant Secretary, & Senior Executive Trust Officer (AMG National Trust Bank), Director (FANUM, Inc.)","Director (Junior Achievement - Rocky Mountain), Director (Colorado Bankers Association)",2.2%,0.0%,
"ANB Bancorp, Inc. Legal Title of Holding Company 105 South West Church Street",securities,"ANB Bancorp, Inc._Y-6_2023-12-31_English_230649970",2023,,,,,,,,
"ANB Bancorp, Inc",securities,"ANB Bancorp, Inc._Y-6_2023-12-31_English_230649970_2",2023,,,,,,,,
"ANB Bancshares, Inc.",both,"ANB Bancshares, Inc._Y-6_2023-12-31_English_241387026_1",2023,"Clint Brisco, Houston, Texas, USA",Retired Computer Engineer/Investor,"Member of the Board of Directors of ANB Bancshares, Inc., 23.57% of Shares",Member of the Board of Directors of Sage Capital Bank,"Partner in Zane & Ruth Brisco Family Partners L.P., 100%, President of Zane & Ruth Brisco Family Partners Management, Inc., 100%, Member of Brisco Resources Management, L.L.C., 100%, Partner in Brisco Resources L.P., 100%, Trustee Clinton & Mary Brisco Trust of 2005, 100%, Trustee Clinton G Brisco Trust, 100%, Trustee Clinton G Brisco Exempt Trust, 100%, Trustee Clinton G brisco Nonexempt Trust, 100%, Trustee Ruth D Brisco Family Trust of 2008, 100%",,,Has no shares in any other business.
"ANB Bancshares, Inc.",both,"ANB Bancshares, Inc._Y-6_2023-12-31_English_241387026_1",2023,"Lavo Brisco, Sheridan, Texas, USA",Rancher,"Advisory Member of the Board of Directors of ANB Bancshares, Inc., 23.25% of Shares",Advisory Member of the Board of Directors of Sage Capital Bank,"Trustee Lavo & Ruth Brisco Revocable Trust, 100%, Member of Lavo & Ruth Brisco Family Partners Management L.L.C., 100%, Member of Lavo & Ruth Brisco Management L.L.C., 100%, Trustee Lavo & Ruth Briscdo Family Trust of 2008, 100%, Trustee Lenora Ruth Williamson Trust of 2008, 100%",,,Has no shares in any other business.
"ANB Bancshares, Inc.",both,"ANB Bancshares, Inc._Y-6_2023-12-31_English_241387026_1",2023,"Brent Christian, Gonzales, Texas, USA",Retired Banker/Investor,"Member of the Board of Directors of ANB Bancshares, Inc., 11.52% of Shares",Member of the Board of Directors of Sage Capital Bank,"Member Christian Ranch, LLC, 100%",,,Has no shares in any other business.
"ANB Bancshares, Inc.",both,"ANB Bancshares, Inc._Y-6_2023-12-31_English_241387026_1",2023,"Janelle Trammell, Gonzales, Texas, USA",Rancher,"Investor in ANB Bancshares, Inc., 11.36% of Shares.",,"Has no position with, or shares in, any subsidiaries or other business",,,
"ANB Bancshares, Inc.",both,"ANB Bancshares, Inc._Y-6_2023-12-31_English_241387026_1",2023,"Michael Murphy, New Braunfels, Texas, USA",Banker,"Secretary, Treasurer, and Member of the Board of Directors of ANB Bancshares, Inc., 10.55% of Shares","Executive Vice President, CFO, and Member of the Board of Directors of Sage Capital Bank, 0% of Shares",,,,Has no shares in any other business.
"ANB Bancshares, Inc.",both,"ANB Bancshares, Inc._Y-6_2023-12-31_English_241387026_1",2023,"Cathy Colwell, Houston, Texas, USA",Retired Probation Officer,"Member of the Board of Directors of ANB Bancshares, Inc., 3.14% of Shares",Member of the Board of Directors of Sage Capital Bank,"Has no position with, or shares in, any other business",,,
"ANB Bancshares, Inc.",both,"ANB Bancshares, Inc._Y-6_2023-12-31_English_241387026_1",2023,"Joseph M. Rankin III, Spring Branch, Texas, USA",Banker,"President, CEO, & Member of the Board of Directors of ANB Bancshares, Inc., 2.76% of Shares","President, CEO, & Member of the Board of Directors of Sage Capital Bank",,,,Has no shares in any other business.
"ANB Bancshares, Inc.",both,"ANB Bancshares, Inc._Y-6_2023-12-31_English_241387026_1",2023,"Bill Hales, Wimberly, Texas, USA",Banker,"Member of the Board of Directors of ANB Bancshares, Inc., 1.92% of Shares","Executive Vice President, CLO, and Member of the Board of Directors of Sage Capital Bank",,,,Has no shares in any other business.
"ANB Bancshares, Inc.",both,"ANB Bancshares, Inc._Y-6_2023-12-31_English_241387026_1",2023,"Norman Burns, New Braunfels, Texas, USA",Attorney,"VP, COB, & Member of the Board of Directors of ANB Bancshares, Inc., .10% of Shares",COB & Member of the Board of Directors of Sage Capital Bank.,,,,"Has no position with, or shares in, any other business"
"ANB Bancshares, Inc.",both,"ANB Bancshares, Inc._Y-6_2023-12-31_English_241387026_1",2023,"Regina Williamson, Sheridan, Texas, USA",Retired Social Worker,"Member of the Board of Directors of ANB Bancshares, Inc., . 01% of Shares",Member of the Board of Directors of Sage Capital Bank.,,,,"Has no position with, or shares in, any other business"
"ANB Bancshares, Inc.",both,"ANB Bancshares, Inc._Y-6_2023-12-31_English_241387026_2",2022,"Clint Brisco, Houston, Texas, USA",Retired Computer Engineer/Investor,"Member of the Board of Directors of ANB Bancshares, Inc.",Member of the Board of Directors of Sage Capital Bank,"Partner in Zane & Ruth Brisco Family Partners L.P., 100%,
President of Zane & Ruth Brisco Family Partners Management, Inc., 100%,
Member of Brisco Resources Management, L.L.C., 100%,
Partner in Brisco Resources L.P., 100%,
Trustee Clinton & Mary Brisco Trust of 2005, 100%,
Trustee Clinton G Brisco Trust, 100%,
Trustee Clinton G Brisco Exempt Trust, 100%,
Trustee Clinton G brisco Nonexempt Trust, 100%,
Trustee Ruth D Brisco Family Trust of 2008, 100%",23.57% of Shares,,
"ANB Bancshares, Inc.",both,"ANB Bancshares, Inc._Y-6_2023-12-31_English_241387026_2",2022,"Lavo Brisco, Sheridan, Texas, USA",Rancher,"Advisory Member of the Board of Directors of ANB Bancshares, Inc.",Advisory Member of the Board of Directors of Sage Capital Bank,"Trustee Lavo & Ruth Brisco Revocable Trust, 100%,
Member of Lavo & Ruth Brisco Family Partners Management L.L.C., 100%,
Member of Lavo & Ruth Brisco Management L.L.C., 100%,
Trustee Lavo & Ruth Briscdo Family Trust of 2008, 100%,
Trustee Lenora Ruth Williamson Trust of 2008, 100%","23.25% of
Shares",,
"ANB Bancshares, Inc.",both,"ANB Bancshares, Inc._Y-6_2023-12-31_English_241387026_2",2022,"Brent Christian, Gonzales, Texas, USA",Retired Banker/Investor,"Member of the Board of Directors of ANB Bancshares, Inc.",Member of the Board of Directors of Sage Capital Bank,"Member Christian Ranch, LLC, 100%",11.52% of Shares,,
"ANB Bancshares, Inc.",both,"ANB Bancshares, Inc._Y-6_2023-12-31_English_241387026_2",2022,"Janelle Trammell, Gonzales, Texas, USA",Rancher,,,,11.36% of Shares,,
"ANB Bancshares, Inc.",both,"ANB Bancshares, Inc._Y-6_2023-12-31_English_241387026_2",2022,"Michael Murphy, New Braunfels, Texas, USA",Banker,"Secretary, Treasurer, and Member of the Board of Directors of ANB Bancshares, Inc.","Executive Vice President, CFO, and Member of the Board of Directors of Sage Capital Bank",,10.55% of Shares,0% of Shares,
"ANB Bancshares, Inc.",both,"ANB Bancshares, Inc._Y-6_2023-12-31_English_241387026_2",2022,"Cathy Colwell, Houston, Texas, USA",Retired Probation Officer,"Member of the Board of Directors of ANB Bancshares, Inc.",Member of the Board of Directors of Sage Capital Bank,,3.14% of Shares,,
"ANB Bancshares, Inc.",both,"ANB Bancshares, Inc._Y-6_2023-12-31_English_241387026_2",2022,"Joseph M. Rankin III, Spring Branch, Texas, USA",Banker,"President, CEO, & Member of the Board of Directors of ANB Bancshares, Inc.","President, CEO, & Member of the Board of Directors of Sage Capital Bank",,2.76% of Shares,,
"ANB Bancshares, Inc.",both,"ANB Bancshares, Inc._Y-6_2023-12-31_English_241387026_2",2022,"Bill Hales, Wimberly, Texas, USA",Banker,"Member of the Board of Directors of ANB Bancshares, Inc.","Executive Vice President, CLO, and Member of the Board of
Directors of Sage Capital Bank",,1.92% of Shares,,
"ANB Bancshares, Inc.",both,"ANB Bancshares, Inc._Y-6_2023-12-31_English_241387026_2",2022,"Norman Burns, New Braunfels, Texas, USA",Attorney,"VP, COB, & Member of the Board of Directors of ANB Bancshares, Inc.",COB & Member of the Board of Directors of Sage Capital Bank,,.10% of Shares,,
"ANB Bancshares, Inc.",both,"ANB Bancshares, Inc._Y-6_2023-12-31_English_241387026_2",2022,"Regina Williamson, Sheridan, Texas, USA",Retired Social Worker,"Member of the Board of Directors of ANB Bancshares, Inc.",Member of the Board of Directors of Sage Capital Bank,,. 01% of Shares,,
