Bank Name,table presence,Bank_PDF-Name,Year,a2,b2,b3,b4,b5,b6,b7,b8,b9,b9_full_voting_shares_text,b10,b11
"1889 Bancshares, Inc.",none,"1889 Bancshares, Inc._Y-6_2023-12-31_English_243974485",2023,,,,,,,,,,,,
"1889 Bancshares, Inc.",none,"1889 Bancshares, Inc._Y-6_2023-12-31_English_243974485_2",2023,,,,,,,,,,,,
215 Holding Co.,both,215 Holding Co._Y-6_2023-12-31_English_226294664,2023,Brian P. Short,St. Paul,MN,United States,Executive / Attorney,"CEO, President, Treasurer & Director, Shareholder",Executive Officer and Director of each bank,"Calhoun Management Co., Shareholder & President / Director Plane Lease Co., President & Director Leamington Co., Shareholder & Executive Vice President Admiral Merchants Motor Freight, Inc. (MN), President & Director P. L. Co., Shareholder, Executive Vice President Benson Parking Service, Inc., President & Director St. Paul Flight Center, Inc., President & Director Seven Short Seisins, Partner 320-7 Company, President & Director Short Farms Company, Shareholder & Executive Vice President Successor Co-Trustee of the Marion D. Short Irrevocable Trust dtd 3/18/04 Co-Trustee of the Short Family 2005/215 Irrevocable Trust MidCountry Acquisition Corp., Shareholder and Director Elmer Township Land Company LLC, Manager",7.78%; 2.99%; 24.12%; 7.64%; 19.26%,"1,111.4 shares of Class A Voting Common Stock or 7.78% Co-Trustee of 7 Trusts which own 426.3 shares of Class A Voting Stock or 2.99% and 2,991.0 shares of Class B Non-Voting Common stock or 100% Co-Trustee of a Trust which owns 3,443.7 shares of Class A Voting Stock or 24.12% Co-Trustee of a Trust which owns 1,090 shares of Class A Voting Stock or 7.64% Co-Trustee of a Trust which owns 2,750 shares of Class A Voting Stock or 19.26%",,
215 Holding Co.,both,215 Holding Co._Y-6_2023-12-31_English_226294664,2023,Marianne D. Short,St. Paul,MN,United States,Attorney,Director,Director,"Admiral Merchants Motor Freight, Inc., Director Successor Co-Trustee of the Marion D. Short Irrevocable Trust dtd 3/18/04 Co-Trustee of the Short Family 2005/215 Irrevocable Trust Calhoun Management Co., Director Seven Short Seisins, Partner",7.63%; 2.99%; 24.12%; 7.64%; 19.26%,"1,090 shares of Class A Voting Common Stock or 7.63% Co-Trustee of 7 Trusts which owns 426.3 shares of Class A Voting Stock or 2.99% and 2,991.0 shares of Class B Non-Voting Common stock or 100% Co-Trustee of a Trust which owns 3,443.7 shares of Class A Voting Stock or 24.12% Co-Trustee of a Trust which owns 1,090 shares of Class A Voting Stock or 7.64% Co-Trustee of a Trust which owns 2,750 shares of Class A Voting Stock or 19.26%",,
215 Holding Co.,both,215 Holding Co._Y-6_2023-12-31_English_226294664,2023,Carolyn P. Short,Flourtown,PA,United States,Attorney,Director,Director,"Admiral Merchants Motor Freight, Inc., Director Successor Co-Trustee of the Marion D. Short Irrevocable Trust dtd 3/18/04 Co-Trustee of the Short Family 2005/215 Irrevocable Trust Calhoun Management Co., Director Seven Short Seisins, Partner Holland & Knight, Partner",7.63%; 2.99%; 24.12%; 19.26%,"1,090 shares of Class A Voting Common Stock or 7.63% Trustee of 7 Trusts which own 426.3 shares of Class A Voting Stock or 2.99% and 2,991.0 shares of Class B Non-Voting Common stock or 100% Co-Trustee of a Trust which owns 3,443.7 shares of Class A Voting Stock or 24.12% Co-Trustee of a Trust which owns 2,750 shares of Class A Voting Stock or 19.26%",,
215 Holding Co.,both,215 Holding Co._Y-6_2023-12-31_English_226294664,2023,Colleen V. Short Lucke,Edina,MN,United States,Attorney,Director,,"Admiral Merchants Motor Freight, Inc., Director Calhoun Management Co., Director Seven Short Seisins, Partner Successor Co-Trustee of the Marion D. Short Irrevocable Trust dtd 3/18/04",7.63%; 24.12%; 19.26%,"1,090 shares of Class A Voting Common Stock or 7.63% Co-Trustee of a Trust which owns 3,443.7 shares of Class A Voting Stock or 24.12% Co-Trustee of a Trust which owns 2,750 shares of Class A Voting Stock or 19.26%",,
215 Holding Co.,both,215 Holding Co._Y-6_2023-12-31_English_226294664,2023,Kevin J. Short,Hudson,WI,United States,Attorney,Director,Director,"St. Paul Flight Center, Inc., Vice President and Secretary 320-7 Co., Vice President and Secretary Calhoun Management Co., Shareholder & Director Admiral Merchants Motor Freight, Inc., Director Seven Short Seisins, Partner Short Law Firm, Proprietor",7.63%; 19.26%,"1,090 shares of Class A Voting Stock or 7.63% Co-Trustee of a Trust which owns 2,750 shares of Class A Voting Stock or 19.26%",,
215 Holding Co.,both,215 Holding Co._Y-6_2023-12-31_English_226294664,2023,Elizabeth J. Short,University Heights,OH,United States,College Professor,Director,Director,"Admiral Merchants Motor Freight, Inc., Director Calhoun Management Co., Director Seven Short Seisins, Partner",7.63%; 19.26%,"1,090 shares of Class A Voting Stock or 7.63% Co-Trustee of a Trust which owns 2,750 shares of Class A Voting Stock or 19.26%",,
215 Holding Co.,both,215 Holding Co._Y-6_2023-12-31_English_226294664,2023,Andrew C. Noll,Fairmont,MN,United States,Banking,Senior Vice President,"President & Director of First Farmers & Merchants National Bank, Fairmont, MN Director of First Farmers & Merchants Bank, Cannon Falls, MN",,less than 1%,.8 shares of Class A Voting Common Stock or less than 1%,,
215 Holding Co.,both,215 Holding Co._Y-6_2023-12-31_English_226294664,2023,Greg Wulf,Cannon Falls,MN,United States,Banking,Executive Vice President,"Director of First Farmers & Merchants Bank, Cannon Falls, MN Director of Liberty National Bank, Sioux City, IA",,less than 1%,.7 shares of Class A Voting Common Stock or less than 1%,,
215 Holding Co.,both,215 Holding Co._Y-6_2023-12-31_English_226294664,2023,David Feddersen,Rochester,MN,United States,Banking,Senior Vice President,"President & Director of First Farmers & Merchants State Bank of Grand Meadow, Grand Meadow, MN",,,,,
215 Holding Co.,both,215 Holding Co._Y-6_2023-12-31_English_226294664_2,2023,Brian P. Short,St. Paul,MN,United States,Executive / Attorney,"CEO,
President,
Treasurer &
Director,
Shareholder","Executive
Officer and
Director of each
bank","Calhoun Management Co., Shareholder & President / Director Plane Lease Co., President & Director Leamington Co., Shareholder & Executive Vice President Admiral Merchants Motor Freight, Inc. (MN), President & Director P. L. Co., Shareholder, Executive Vice President Benson Parking Service, Inc., President & Director St. Paul Flight Center, Inc., President & Director Seven Short Seisins, Partner 320-7 Company, President & Director Short Farms Company, Shareholder & Executive Vice President Successor Co-Trustee of the Marion D. Short Irrevocable Trust dtd 3/18/04 Co-Trustee of the Short Family 2005/215 Irrevocable Trust MidCountry Acquisition Corp., Shareholder and Director Elmer Township Land Company LLC, Manager",7.78%; 2.99%; 24.12%; 7.64%; 19.26%,"1,111.4 shares of Class A Voting Common Stock or 7.78% Co-Trustee of 7 Trusts which own 426.3 shares of Class A Voting Stock or 2.99% and 2,991.0 shares of Class B Non-Voting Common stock or 100% Co-Trustee of a Trust which owns 3,443.7 shares of Class A Voting Stock or 24.12% Co-Trustee of a Trust which owns 1,090 shares of Class A Voting Stock or 7.64% Co-Trustee of a Trust which owns 2,750 shares of Class A Voting Stock or 19.26%",,
215 Holding Co.,both,215 Holding Co._Y-6_2023-12-31_English_226294664_2,2023,Marianne D. Short,St. Paul,MN,United States,Attorney,Director,Director,"Admiral Merchants Motor Freight, Inc., Director Successor Co-Trustee of the Marion D. Short Irrevocable Trust dtd 3/18/04 Co-Trustee of the Short Family 2005/215 Irrevocable Trust Calhoun Management Co., Director Seven Short Seisins, Partner",7.63%; 2.99%; 24.12%; 7.64%; 19.26%,"1,090 shares of Class A Voting Common Stock or 7.63% Co-Trustee of 7 Trusts which owns 426.3 shares of Class A Voting Stock or 2.99% and 2,991.0 shares of Class B Non-Voting Common stock or 100% Co-Trustee of a Trust which owns 3,443.7 shares of Class A Voting Stock or 24.12% Co-Trustee of a Trust which owns 1,090 shares of Class A Voting Stock or 7.64% Co-Trustee of a Trust which owns 2,750 shares of Class A Voting Stock or 19.26%",,
215 Holding Co.,both,215 Holding Co._Y-6_2023-12-31_English_226294664_2,2023,Carolyn P. Short,Flourtown,PA,United States,Attorney,Director,Director,"Admiral Merchants Motor Freight, Inc., Director Successor Co-Trustee of the Marion D. Short Irrevocable Trust dtd 3/18/04 Co-Trustee of the Short Family 2005/215 Irrevocable Trust Calhoun Management Co., Director Seven Short Seisins, Partner Holland & Knight, Partner",7.63%; 2.99%; 24.12%; 19.26%,"1,090 shares of Class A Voting Common Stock or 7.63% Trustee of 7 Trusts which own 426.3 shares of Class A Voting Stock or 2.99% and 2,991.0 shares of Class B Non-Voting Common stock or 100% Co-Trustee of a Trust which owns 3,443.7 shares of Class A Voting Stock or 24.12% Co-Trustee of a Trust which owns 2,750 shares of Class A Voting Stock or 19.26%",,
215 Holding Co.,both,215 Holding Co._Y-6_2023-12-31_English_226294664_2,2023,Colleen V. Short Lucke,Edina,MN,United States,Attorney,Director,,"Admiral Merchants Motor Freight, Inc., Director Calhoun Management Co., Director Seven Short Seisins, Partner Successor Co-Trustee of the Marion D. Short Irrevocable Trust dtd 3/18/04",7.63%; 24.12%; 19.26%,"1,090 shares of Class A Voting Common Stock or 7.63% Co-Trustee of a Trust which owns 3,443.7 shares of Class A Voting Stock or 24.12% Co-Trustee of a Trust which owns 2,750 shares of Class A Voting Stock or 19.26%",,
215 Holding Co.,both,215 Holding Co._Y-6_2023-12-31_English_226294664_2,2023,Kevin J. Short,Hudson,WI,United States,Attorney,Director,Director,"St. Paul Flight Center, Inc., Vice President and Secretary 320-7 Co., Vice President and Secretary Calhoun Management Co., Shareholder & Director Admiral Merchants Motor Freight, Inc., Director Seven Short Seisins, Partner Short Law Firm, Proprietor",7.63%; 19.26%,"1,090 shares of Class A Voting Stock or 7.63% Co-Trustee of a Trust which owns 2,750 shares of Class A Voting Stock or 19.26%",,
215 Holding Co.,both,215 Holding Co._Y-6_2023-12-31_English_226294664_2,2023,Elizabeth J. Short,University Heights,OH,United States,College Professor,Director,Director,"Admiral Merchants Motor Freight, Inc., Director Calhoun Management Co., Director Seven Short Seisins, Partner",7.63%; 19.26%,"1,090 shares of Class A Voting Stock or 7.63% Co-Trustee of a Trust which owns 2,750 shares of Class A Voting Stock or 19.26%",,
215 Holding Co.,both,215 Holding Co._Y-6_2023-12-31_English_226294664_2,2023,Andrew C. Noll,Fairmont,MN,United States,Banking,"Senior Vice
President","President &
Director of First
Farmers &
Merchants
National Bank,
Fairmont, MN
Director of First
Farmers &
Merchants
Bank, Cannon
Falls, MN",,less than 1%,.8 shares of Class A Voting Common Stock or less than 1%,,
215 Holding Co.,both,215 Holding Co._Y-6_2023-12-31_English_226294664_2,2023,Greg Wulf,Cannon Falls,MN,United States,Banking,"Executive
Vice President","Director of First
Farmers &
Merchants
Bank, Cannon
Falls, MN
Director of
Liberty
National Bank,
Sioux City, IA",,less than 1%,.7 shares of Class A Voting Common Stock or less than 1%,,
215 Holding Co.,both,215 Holding Co._Y-6_2023-12-31_English_226294664_2,2023,David Feddersen,Rochester,MN,United States,Banking,"Senior Vice
President","President &
Director of First
Farmers &
Merchants State
Bank of Grand
Meadow, Grand
Meadow, MN",,,,,
"3MV Bancorp, Inc.",both,"3MV Bancorp, Inc._Y-6_2023-12-31_English_244058446",2023,Dr. Robert Troia,Omaha,NE,USA,Gohhahnotepia,Principal Shareholder,,"Gohhahnotepia for Pediatric Ophthalmology Association, PC",0.62%,0.62%,,"Tota Family Limited Partnership - 3,733,770%; Street, LLC - 50%; 100 Owns; 221 McCloel, LLC - 70%; Equity Estates Fund V, LLC - 30%; Pediatric Ophthalmology Assoc, PC - 52%; 5111 Farrow Street, LLC - 100%; 1,1021 LHC, LLC - 57.9% and Equity Estates Fund V, LLC- 50%"
"3MV Bancorp, Inc.",both,"3MV Bancorp, Inc._Y-6_2023-12-31_English_244058446",2023,Dr. Carol Duda,Omaha,NE,USA,Gohhahnotepia,Principal Shareholder,,"Gohhahnotepia for First Eye Associates, PC",0.63%,0.63%,,"ARWC, LLC - 50%; Eye Essentials, Inc. - 100%; 123 McCloel, LLC - 40%; First Eye Associates, PC - 120%; Atlantic Hite Surgery Center, LLC - 0%; Equity Estates Fund V, LLC - 30% and Equity Estates Fund V, LLC - 50%"
"3MV Bancorp, Inc.",both,"3MV Bancorp, Inc._Y-6_2023-12-31_English_244058446",2023,Carl J. Troia Jr.,Omaha,NE,USA,Attorney,Principal Shareholder,,"General Counsel to Helse Real Estate Group, LLC; Helse Communities Limited Partnership Fund No. 1; Helse Communities Limited Partnership Fund No. 2; Helse Communities Limited Partnership Fund No. 3; Helse Communities Limited Partnership Fund No. 4; Helse Communities Limited Partnership Fund No. 5; Helse Communities Limited Partnership Fund No. 6; Helse Communities Limited Partnership Fund No. 7; Helse Communities Limited Partnership Fund No. 8; Star Equities, Inc. and all related entities. Securities/Treasurer/Director to Star Equities, Inc., President/Secretary/Treasurer/Director to Carl J. Troia, Jr., P.C., L.L.S. and General Partner to Tota Family Limited Partnership",2.47%,2.47%,,"Key Communities, LLC - 28%; Key Communities 2, LLC - 25%; Key Communities 3, LLC - 25%; Key Communities 4, LLC - 25%; Key Communities 5, LLC - 25%; Key Communities 6, 172 - 25%; Key Communities 7, 172 - 25%; Carl J. Troia, Jr., P.C., L.L.S. - 100%; 234 OSW, LLC - 70%; 2347/301 Grants, LLC - 40%; 163 Central Street, LLC - 25%; 5147/221 Grants, LLC - 50% and 407 N 117 Street, LLC - 25%"
"3MV Bancorp, Inc.",both,"3MV Bancorp, Inc._Y-6_2023-12-31_English_244058446",2023,Cynthia Troia,Omaha,NE,USA,Retiree,Principal Shareholder,,,0.13%,0.13%,,
"3MV Bancorp, Inc.",both,"3MV Bancorp, Inc._Y-6_2023-12-31_English_244058446",2023,Anna Troia,Omaha,NE,USA,Attorney,Principal Shareholder,,"President, Secretary, Treasurer and their Shareholder of Anna E. Troia, P.C., L.L.S.",0.07%,0.07%,,"Anna E. Troia, P.C., L.L.S. - 100%; 400 TriBass, LLC - 120%; Tota Family Limited Partnership - 30,6346% as a United partner"
"3MV Bancorp, Inc.",both,"3MV Bancorp, Inc._Y-6_2023-12-31_English_244058446",2023,Barbara Troia,Omaha,NE,USA,Homemaker,Principal Shareholder,,,0.01%,0.01%,,
"3MV Bancorp, Inc.",both,"3MV Bancorp, Inc._Y-6_2023-12-31_English_244058446",2023,Virginia Fusco,Omaha,NE,USA,Attorney,Principal Shareholder,,"Side Member of Virginia E. Troia Frasca, L.L.C.",0.17%,0.17%,,"Virginia E. Troia Frasca, L.L.C. - 100%; 141 2909 FT, LLC - Side Member to the Virginia Fusco 2009 Family Trust; Tota Family Limited Partnership - 29,7471% as a United Partner"
"3MV Bancorp, Inc.",both,"3MV Bancorp, Inc._Y-6_2023-12-31_English_244058446",2023,Andrew Troia,Omaha,NE,USA,Gohhahnotepia,Principal Shareholder,,,0.01%,0.01%,,25% of Pediatric Ophthalmology Association P.C.
"3MV Bancorp, Inc.",both,"3MV Bancorp, Inc._Y-6_2023-12-31_English_244058446",2023,Claire Troia,Omaha,NE,USA,Physician,Principal Shareholder,,,0.01%,0.01%,,
"3MV Bancorp, Inc.",both,"3MV Bancorp, Inc._Y-6_2023-12-31_English_244058446",2023,Sarah Troia,New York,NY,USA,Software Engineer,Principal Shareholder,,Senior Software Engineer - Microsoft,0.01%,0.01%,,"100%, OSW, LLC"
"3MV Bancorp, Inc.",both,"3MV Bancorp, Inc._Y-6_2023-12-31_English_244058446_2",2023,Dr. Robert Troia,Omaha,NE,USA,Gohhahnotepia,Principal Shareholder,,"Gohhahnotepia for Pediatric Ophthalmology Association, PC",0.62%,0.62%,,"Tota Family Limited Partnership; Street, LLC; 221 McCloel, LLC; Equity Estates Fund V, LLC; Pediatric Ophthalmology Assoc, PC; 5111 Farrow Street, LLC; 1,1021 LHC, LLC; Equity Estates Fund V, LLC"
"3MV Bancorp, Inc.",both,"3MV Bancorp, Inc._Y-6_2023-12-31_English_244058446_2",2023,Dr. Carol Duda,Omaha,NE,USA,Gohhahnotepia,Principal Shareholder,,"Gohhahnotepia for First Eye Associates, PC",0.63%,0.63%,,"ARWC, LLC; Eye Essentials, Inc.; 123 McCloel, LLC; First Eye Associates, PC; Atlantic Hite Surgery Center, LLC; Equity Estates Fund V, LLC; Equity Estates Fund V, LLC"
"3MV Bancorp, Inc.",both,"3MV Bancorp, Inc._Y-6_2023-12-31_English_244058446_2",2023,Carl J. Troia Jr.,Omaha,NE,USA,Attorney,Principal Shareholder,,"General Counsel to Helse Real Estate Group, LLC; Helse Communities Limited Partnership Fund No. 1; Helse Communities Limited Partnership Fund No. 2; Helse Communities Limited Partnership Fund No. 3; Helse Communities Limited Partnership Fund No. 4; Helse Communities Limited Partnership Fund No. 5; Helse Communities Limited Partnership Fund No. 6; Helse Communities Limited Partnership Fund No. 7; Helse Communities Limited Partnership Fund No. 8; Star Equities, Inc. and all related entities. Securities/Treasurer/Director to Star Equities, Inc., President/Secretary/Treasurer/Director to Carl J. Troia, Jr., P.C., L.L.S. and General Partner to Tota Family Limited Partnership",2.47%,2.47%,,"Key Communities, LLC; Key Communities 2, LLC; Key Communities 3, LLC; Key Communities 4, LLC; Key Communities 5, LLC; Key Communities 6, 172; Key Communities 7, 172; Carl J. Troia, Jr., P.C., L.L.S.; 234 OSW, LLC; 2347/301 Grants, LLC; 163 Central Street, LLC; 5147/221 Grants, LLC; 407 N 117 Street, LLC"
"3MV Bancorp, Inc.",both,"3MV Bancorp, Inc._Y-6_2023-12-31_English_244058446_2",2023,Cynthia Troia,Omaha,NE,USA,Retiree,Principal Shareholder,,,0.13%,0.13%,,
"3MV Bancorp, Inc.",both,"3MV Bancorp, Inc._Y-6_2023-12-31_English_244058446_2",2023,Anna Troia,Omaha,NE,USA,Attorney,Principal Shareholder,,"President, Secretary, Treasurer and One Shareholder of Anna E. Troia, P.C., L.L.S.",0.07%,0.07%,,"Anna E. Troia, P.C., L.L.S.; 400 TriBass, LLC; Tota Family Limited Partnership"
"3MV Bancorp, Inc.",both,"3MV Bancorp, Inc._Y-6_2023-12-31_English_244058446_2",2023,Barbara Troia,Omaha,NE,USA,Homemaker,Principal Shareholder,,,0.01%,0.01%,,
"3MV Bancorp, Inc.",both,"3MV Bancorp, Inc._Y-6_2023-12-31_English_244058446_2",2023,Virginia Fusco,Omaha,NE,USA,Attorney,Principal Shareholder,,"Side Member of Virginia E. Troia Frasca, L.L.C.",0.17%,0.17%,,"Virginia E. Troia Frasca, L.L.C.; 141 2909 FT, LLC; Tota Family Limited Partnership"
"3MV Bancorp, Inc.",both,"3MV Bancorp, Inc._Y-6_2023-12-31_English_244058446_2",2023,Andrew Troia,Omaha,NE,USA,Gohhahnotepia,Principal Shareholder,,,0.01%,0.01%,,25% of Pediatric Ophthalmology Association P.C.
"3MV Bancorp, Inc.",both,"3MV Bancorp, Inc._Y-6_2023-12-31_English_244058446_2",2023,Claire Troia,Omaha,NE,USA,Physician,Principal Shareholder,,,0.01%,0.01%,,
"3MV Bancorp, Inc.",both,"3MV Bancorp, Inc._Y-6_2023-12-31_English_244058446_2",2023,Sarah Troia,New York,NY,USA,Software Engineer,Principal Shareholder,,Senior Software Engineer - Microsoft,0.01%,0.01%,,"100%, OSW, LLC"
"ABCT HOLDINGS, INC.",both,"ABCT Holdings, Inc._Y-6_2023-12-31_English_241396052_1",2023,Todd Moore,Waco,TX,USA,,"Chairman, CEO & Director","Chairman, CEO and Director (Alliance Bank Central Texas)","Partner; Director; Wortham Air Conditioning, Inc.",3.968%,3.968 %,0.00%,"Wortham Air Conditioning, Inc. - 80%"
"ABCT HOLDINGS, INC.",both,"ABCT Holdings, Inc._Y-6_2023-12-31_English_241396052_1",2023,Eric Shero,McGregor,TX,USA,,"President, CFO & Director",Chief Financial Officer and Director (Alliance Bank Central Texas),"Member; BTE Investments, LLC; SSH Aviation, LLC; SSH-H Investments, LLC; Fly ME, LLC",4.172%,4.172 %,0.00%,"BTE Investments, LLC - 33.3%;SSH Aviation, LLC - 50%;SSH -H Investments, LLC - 100%;Fly Me, LLC - 33.3%"
"ABCT HOLDINGS, INC.",both,"ABCT Holdings, Inc._Y-6_2023-12-31_English_241396052_1",2023,Benjy Bauer,Waco,TX,USA,Owner,Director,Director (Alliance Bank Central Texas),"Director; H&B Packing Co, Inc.; Partner; Benjy Bauer Family Holdings, LP; Member; Bauer Brothers Investments, LLC; R&B Investments; Bauer Family, LLC",16.152%,16.152 %,0.00%,"H&B Packing Co., Inc. - 50%;Benjy Bauer Family Holdings, LP - 49.5%;Bauer Brother Investments, LLC. - 50%;Waco R&B Investments, LLC.- 33%;Bauer Family, LLC - 100%"
"ABCT HOLDINGS, INC.",both,"ABCT Holdings, Inc._Y-6_2023-12-31_English_241396052_1",2023,Mark Minor,Lorena,TX,USA,Investments,Director,Director (Alliance Bank Central Texas),"Director; White Sky, LLC",0.163%,0.163 %,0.00%,"White Sky, LLC - 100%"
"ABCT HOLDINGS, INC.",both,"ABCT Holdings, Inc._Y-6_2023-12-31_English_241396052_1",2023,Georgetta Duncan,Waco,TX,USA,Real Estate Mgmt Company,Director,Director (Alliance Bank Central Texas),Real Estate Management; Triliji Group,0.086%,0.086 %,0.00%,
"ABCT HOLDINGS, INC.",both,"ABCT Holdings, Inc._Y-6_2023-12-31_English_241396052_1",2023,Brent Neuhaus,Waco,TX,USA,Equipment Company,Director,Director (Alliance Bank Central Texas),"Partner; Neuhaus Trust Partnership; Executive Officer; TGBTG Property, LLC; HILLRE, LLC; JORE, LLC; ERE Property, LLC; N2 Ventures; NH Developing; Trustee; Brent A. Neuhaus 1994 Trust; BAN 2011 Trust; BANRE Holdings, LLC; Director; Lone Star Ag Credit",4.362%,4.362 %,0.00%,"Neuhaus Trusts Partnership - 33%;TGBTG - 100%;HILLRE, LLC - 100%;JORE, LLC - 100%;ERE Property, LLC - 100%;N2 Ventures - 50%;NH Devolping - 60%;Brent A. Neuhaus 1994 Trust - 100%;BAN 2011 Trust - 100%;BANRE Holdings, LLC - 100%"
"ABCT HOLDINGS, INC.",both,"ABCT Holdings, Inc._Y-6_2023-12-31_English_241396052_1",2023,Gerald Villarreal,Waco,TX,USA,Attorney,Director,Director (Alliance Bank Central Texas),Attorney / Partner; Dunnam and Dunnam LLP,0.180%,0.180 %,0.00%,
"ABCT HOLDINGS, INC.",both,"ABCT Holdings, Inc._Y-6_2023-12-31_English_241396052_1",2023,Sarah Roberts,Waco,TX,USA,Consultant,Director,Director (Alliance Bank Central Texas),"President; KSR Capital LLC; KSR Real Estate LLC; Member; Central Texas Industrial Partners, LLC",0.866%,0.866 %,0.00%,"KSR Capital LLC - 100%;KSR Real Estate, LLC - 100%;Central Texas Industrial Partners - 50%"
"ABCT HOLDINGS, INC.",both,"ABCT Holdings, Inc._Y-6_2023-12-31_English_241396052_1",2023,Sherman Ayres,Waco,TX,USA,Consultant,Director,Director (Alliance Bank Central Texas),CEO; S.R. Ayres and Associates,0.000%,0.000 %,0.00%,
"ABCT HOLDINGS, INC.",both,"ABCT Holdings, Inc._Y-6_2023-12-31_English_241396052_1",2023,James Morton,Waco,TX,USA,Dentist,Director,Director (Alliance Bank Central Texas),,1.870%,1.870 %,0.00%,
"ABCT HOLDINGS, INC.",both,"ABCT Holdings, Inc._Y-6_2023-12-31_English_241396052_1",2023,Scott Rogers,Waco,TX,USA,,Director,CLO and Director (Alliance Bank Central Texas),,1.174%,1.174 %,0.00%,
"ABCT HOLDINGS, INC.",both,"ABCT Holdings, Inc._Y-6_2023-12-31_English_241396052_1",2023,Ricky Thompson,Waco,TX,USA,,Director,President and Director (Alliance Bank Central Texas),"Partner; Thompson 83, LLC; GETSD Waco, LLC; Thomson Cattle Company",0.281%,0.281 %,0.00%,"Thompson 83, LLC - 100%;GETSD Waco, LLC - 50%;Thompson Cattle Company - 50%"
"ABCT HOLDINGS, INC.",both,"ABCT Holdings, Inc._Y-6_2023-12-31_English_241396052_1",2023,Jeff Wooley,Waco,TX,USA,Attorney; CPA,Director,Director (Alliance Bank Central Texas),"Trustee; Wooley 2016 Mgmt Trust; Partner; MWM Real Estate, LLC; WE Training, LLC",0.000%,0.000 %,0.00%,"Wooley 2016 Mgmt Trust - 50%;MWM Real Estate, LLC - 50%;WE Training, LLC - 90%"
"ABCT Holdings, Inc",both,"ABCT Holdings, Inc._Y-6_2023-12-31_English_241396052_2",2023,Todd Moore,Waco,TX,USA,,"Chairman, CEO & Director","Chairman, CEO and Director (Alliance Bank Central Texas)","Partner Director Wortham Air Conditioning, Inc.",3.968%,3.968 %,0.00%,"Wortham Air Conditioning, Inc."
"ABCT Holdings, Inc",both,"ABCT Holdings, Inc._Y-6_2023-12-31_English_241396052_2",2023,Eric Shero,McGregor,TX,USA,,"President, CFO & Director",Chief Financial Officer and Director (Alliance Bank Central Texas),"Member BTE Investments, LLC SSH Aviation, LLC SSH-H Investments, LLC Fly ME, LLC",4.172%,4.172 %,0.00%,"BTE Investments, LLC;SSH Aviation, LLC;SSH -H Investments, LLC;Fly Me, LLC"
"ABCT Holdings, Inc",both,"ABCT Holdings, Inc._Y-6_2023-12-31_English_241396052_2",2023,Benjy Bauer,Waco,TX,USA,Owner,Director,Director (Alliance Bank Central Texas),"Director H&B Packing Co, Inc.;Partner Benjy Bauer Family Holdings, LP;Member Bauer Brothers Investments, LLC R&B Investments Bauer Family, LLC",16.152%,16.152 %,0.00%,"H&B Packing Co., Inc.;Benjy Bauer Family Holdings, LP;Bauer Brother Investments, LLC.;Waco R&B Investments, LLC.;Bauer Family, LLC"
"ABCT Holdings, Inc",both,"ABCT Holdings, Inc._Y-6_2023-12-31_English_241396052_2",2023,Mark Minor,Lorena,TX,USA,Investments,Director,Director (Alliance Bank Central Texas),"Director White Sky, LLC",0.163%,0.163 %,0.00%,"White Sky, LLC"
"ABCT Holdings, Inc",both,"ABCT Holdings, Inc._Y-6_2023-12-31_English_241396052_2",2023,Georgetta Duncan,Waco,TX,USA,Real Estate Mgmt Company,Director,Director (Alliance Bank Central Texas),Real Estate Management Triliji Group,0.086%,0.086 %,0.00%,
"ABCT Holdings, Inc",both,"ABCT Holdings, Inc._Y-6_2023-12-31_English_241396052_2",2023,Brent Neuhaus,Waco,TX,USA,Equipment Company,Director,Director (Alliance Bank Central Texas),"Partner Neuhaus Trust Partnership;Executive Officer TGBTG Property, LLC HILLRE, LLC JORE, LLC ERE Property, LLC N2 Ventures NH Developing;Trustee Brent A. Neuhaus 1994 Trust",4.362%,4.362 %,0.00%,"Neuhaus Trusts Partnership;TGBTG;HILLRE, LLC;JORE, LLC;ERE Property, LLC;N2 Ventures;NH Devolping;Brent A. Neuhaus 1994 Trust"
"ABCT Holdings, Inc",both,"ABCT Holdings, Inc._Y-6_2023-12-31_English_241396052_2",2023,Gerald Villarreal,Waco,TX,USA,Attorney,Director,Director (Alliance Bank Central Texas),Attorney / Partner Dunnam and Dunnam LLP,0.180%,0.180 %,0.00%,
"ABCT Holdings, Inc",both,"ABCT Holdings, Inc._Y-6_2023-12-31_English_241396052_2",2023,Sarah Roberts,Waco,TX,USA,Consultant,Director,Director (Alliance Bank Central Texas),"President KSR Capital LLC KSR Real Estate LLC;Member Central Texas Industrial Partners, LLC",0.866%,0.866 %,0.00%,"KSR Capital LLC;KSR Real Estate, LLC;Central Texas Industrial Partners"
"ABCT Holdings, Inc",both,"ABCT Holdings, Inc._Y-6_2023-12-31_English_241396052_2",2023,Sherman Ayres,Waco,TX,USA,Consultant,Director,Director (Alliance Bank Central Texas),CEO S.R. Ayres and Associates,0.000%,0.000 %,0.00%,
"ABCT Holdings, Inc",both,"ABCT Holdings, Inc._Y-6_2023-12-31_English_241396052_2",2023,James Morton,Waco,TX,USA,Dentist,Director,Director (Alliance Bank Central Texas),,1.870%,1.870 %,0.00%,
"ABCT Holdings, Inc",both,"ABCT Holdings, Inc._Y-6_2023-12-31_English_241396052_2",2023,Scott Rogers,Waco,TX,USA,,Director,CLO and Director (Alliance Bank Central Texas),,1.174%,1.174 %,0.00%,
"ABCT Holdings, Inc",both,"ABCT Holdings, Inc._Y-6_2023-12-31_English_241396052_2",2023,Ricky Thompson,Waco,TX,USA,,Director,President and Director (Alliance Bank Central Texas),"Partner Thompson 83, LLC GETSD Waco, LLC Thomson Cattle Company",0.281%,0.281 %,0.00%,"Thompson 83, LLC;GETSD Waco, LLC;Thompson Cattle Company"
"ABCT Holdings, Inc",both,"ABCT Holdings, Inc._Y-6_2023-12-31_English_241396052_2",2023,Jeff Wooley,Waco,TX,USA,Attorney; CPA,Director,Director (Alliance Bank Central Texas),"Trustee Wooley 2016 Mgmt Trust;Partner MWM Real Estate, LLC;WE Training, LLC",0.000%,0.000 %,0.00%,"Wooley 2016 Mgmt Trust;MWM Real Estate, LLC;WE Training, LLC"
"AC BANCORP, INC.",both,"AC Bancorp, Inc._Y-6_2023-12-31_English_230650036",2023,William C. Engel,Springfield,Illinois,USA,"Brandt Consolidated, Inc.",Chairman Director,Chairman Director Alliance Community Bank,,,,,
"AC BANCORP, INC.",both,"AC Bancorp, Inc._Y-6_2023-12-31_English_230650036",2023,Douglas Gelberman,Petersburg,Illinois,USA,Farmer,Director,Director Alliance Community Bank,,,,,
"AC BANCORP, INC.",both,"AC Bancorp, Inc._Y-6_2023-12-31_English_230650036",2023,Joshi Gronewood,Petersburg,Illinois,USA,Banker,Executive Vice President Director,Executive Vice President Director Alliance Community Bank,,,,,
"AC BANCORP, INC.",both,"AC Bancorp, Inc._Y-6_2023-12-31_English_230650036",2023,Steven W. Johnson,Athens,Illinois,USA,Insurance,Secretary Director,Secretary Director Alliance Community Bank,,,,,
"AC BANCORP, INC.",both,"AC Bancorp, Inc._Y-6_2023-12-31_English_230650036",2023,John L. Leimberger,Petersburg,Illinois,USA,Banker,President/CEO Director,President/CEO Director Alliance Community Bank,,,,,
"AC BANCORP, INC.",both,"AC Bancorp, Inc._Y-6_2023-12-31_English_230650036",2023,Kyle T. Killebrew,Springfield,Illinois,USA,Reseller,Director,Director Alliance Community Bank,,,,,
"AC BANCORP, INC.",both,"AC Bancorp, Inc._Y-6_2023-12-31_English_230650036",2023,Amy Logsdon,Petersburg,Illinois,USA,Banker,Senior Vice President,Senior Vice President Alliance Community Bank,,,,,
"AC BANCORP, INC.",both,"AC Bancorp, Inc._Y-6_2023-12-31_English_230650036",2023,Judith Olesen,Petersburg,Illinois,USA,Reseller,Vice Chairman Director,Vice Chairman Director Alliance Community Bank,,,,,
"AC BANCORP, INC.",both,"AC Bancorp, Inc._Y-6_2023-12-31_English_230650036",2023,Charles K. Smith,Petersburg,Illinois,USA,Attorney,Director,Director Alliance Community Bank,,,,,
"AC BANCORP, INC.",both,"AC Bancorp, Inc._Y-6_2023-12-31_English_230650036",2023,Kevin Thomas,Caldwell,Illinois,USA,Farmer,Director,Director Alliance Community Bank,,,,,
"AC BANCORP, INC.",both,"AC Bancorp, Inc._Y-6_2023-12-31_English_230650036",2023,Robert W. Zeid,Athens,Illinois,USA,Farmer,Director,Director Alliance Community Bank,,,,,
"AC BANCORP, INC.",both,"AC Bancorp, Inc._Y-6_2023-12-31_English_230650036_2",2023,William C. Engel,Springfield,Illinois,USA,"Brandt Consolidated, Inc.",Chairman Director Alliance Community Bank,Chairman Director Alliance Community Bank,,,,,
"AC BANCORP, INC.",both,"AC Bancorp, Inc._Y-6_2023-12-31_English_230650036_2",2023,Douglas Gelberman,Petersburg,Illinois,USA,Farmer,Director,Director Alliance Community Bank,,,,,
"AC BANCORP, INC.",both,"AC Bancorp, Inc._Y-6_2023-12-31_English_230650036_2",2023,Joshi Gronewood,Petersburg,Illinois,USA,Banker,Executive Vice President Director Alliance Community Bank,Executive Vice President Director Alliance Community Bank,,,,,
"AC BANCORP, INC.",both,"AC Bancorp, Inc._Y-6_2023-12-31_English_230650036_2",2023,Steven W. Johnson,Athens,Illinois,USA,Insurance,Secretary Director,Secretary Director Alliance Community Bank,,,,,
"AC BANCORP, INC.",both,"AC Bancorp, Inc._Y-6_2023-12-31_English_230650036_2",2023,John L. Leimberger,Petersburg,Illinois,USA,Banker,President/CEO Director Alliance Community Bank,President/CEO Director Alliance Community Bank,,,,,
"AC BANCORP, INC.",both,"AC Bancorp, Inc._Y-6_2023-12-31_English_230650036_2",2023,Kyle T. Killebrew,Springfield,Illinois,USA,Reseller,Director,Director Alliance Community Bank,,,,,
"AC BANCORP, INC.",both,"AC Bancorp, Inc._Y-6_2023-12-31_English_230650036_2",2023,Amy Logsdon,Petersburg,Illinois,USA,Banker,Senior Vice President Alliance Community Bank,Senior Vice President Alliance Community Bank,,,,,
"AC BANCORP, INC.",both,"AC Bancorp, Inc._Y-6_2023-12-31_English_230650036_2",2023,Judith Olesen,Petersburg,Illinois,USA,Reseller,Vice Chairman Director Alliance Community Bank,Vice Chairman Director Alliance Community Bank,,,,,
"AC BANCORP, INC.",both,"AC Bancorp, Inc._Y-6_2023-12-31_English_230650036_2",2023,Charles K. Smith,Petersburg,Illinois,USA,Attorney,Director,Director Alliance Community Bank,,,,,
"AC BANCORP, INC.",both,"AC Bancorp, Inc._Y-6_2023-12-31_English_230650036_2",2023,Kevin Thomas,Caldwell,Illinois,USA,Farmer,Director,Director Alliance Community Bank,,,,,
"AC BANCORP, INC.",both,"AC Bancorp, Inc._Y-6_2023-12-31_English_230650036_2",2023,Robert W. Zeid,Athens,Illinois,USA,Farmer,Director,Director Alliance Community Bank,,,,,
American First National Bank,both,"AFNB Holdings, Inc._Y-6_2023-12-31_English_241394922_1",2023,"Wu, Wen Lung (Wu, Henry)",Houston,TX,USA,Business Entrepreneur,Chairman & CEO Director,Chairman American First National Bank,President Hugesen Polymers USA L.P.,13.2612%; 20.6792%,13.2612% N/A,,Hugesen Polymers USA – 60%; C & W Packaging – 60%
American First National Bank,both,"AFNB Holdings, Inc._Y-6_2023-12-31_English_241394922_1",2023,"Wu, James",Houston,TX,USA,Hugesen Polymers,,,Vice President Hugesen Polymers USA L.P.,3.2990%,3.2990% N/A,,
American First National Bank,both,"AFNB Holdings, Inc._Y-6_2023-12-31_English_241394922_1",2023,"Wu, Janae",Houston,TX,USA,Hugesen Polymers,,,Manager Hugesen Polymers USA L.P.,3.3910%,3.3910% N/A,,
American First National Bank,both,"AFNB Holdings, Inc._Y-6_2023-12-31_English_241394922_1",2023,C & W Packaging LP,Houston,TX,USA,(non-managing),,,,0.0464%,0.0464% N/A,,
American First National Bank,both,"AFNB Holdings, Inc._Y-6_2023-12-31_English_241394922_1",2023,"Hugesen Polymers USA, LP",Houston,TX,USA,(Non-managing),,,,0.6816%,0.6816% N/A,,
American First National Bank,both,"AFNB Holdings, Inc._Y-6_2023-12-31_English_241394922_1",2023,"Chang, Bruce",Sugar Land,TX,USA,Banker,President Director,President/CEO American First National Bank,"Owner – Bruce Y. Chang, CF",0.2721%,0.2721% N/A,,"Bruce Y. Chang, CPA – 100%"
American First National Bank,both,"AFNB Holdings, Inc._Y-6_2023-12-31_English_241394922_1",2023,"Fann, Mike",Pearland,TX,USA,Banker,Treasurer,"Cashier, Controller American First National Bank",,0.4009%,0.4009% N/A,,
American First National Bank,both,"AFNB Holdings, Inc._Y-6_2023-12-31_English_241394922_1",2023,"You, Joanne",Sugar Land,TX,USA,Banker,Secretary,HR Manager Board Secretary American First National Bank,,0.0979%,0.0979% N/A,,
American First National Bank,both,"AFNB Holdings, Inc._Y-6_2023-12-31_English_241394922_1",2023,"Change, Ray S",SugarLand,TX,USA,"Retired from President, C & W Trucking Svc, Inc",Director,,,1.1780%,1.1780%,,
American First National Bank,both,"AFNB Holdings, Inc._Y-6_2023-12-31_English_241394922_1",2023,"Chen, Wen-Chuan",New Orleans,LA,USA,"Retired from President, Holiday Motel East Inc",Director,,,1.7355%,1.7355%,,
American First National Bank,both,"AFNB Holdings, Inc._Y-6_2023-12-31_English_241394922_1",2023,"Cheng, Paul",Littleton,CO,USA,Retired from Sr. Mgr. Lockheed Martin Astraatics,Director,,,0.9942%,0.9942%,,
American First National Bank,both,"AFNB Holdings, Inc._Y-6_2023-12-31_English_241394922_1",2023,"Chien, Wu-Ann Andy",SugarLand,TX,USA,Business Entrepreneur,Director,,Director & Secretary Walrus America Inc,1.3871%,1.3871%,,Walrus America Inc- 33%
American First National Bank,both,"AFNB Holdings, Inc._Y-6_2023-12-31_English_241394922_1",2023,"Chuang, Hsing Hua",Chino Hills,CA,USA,"Retired from President, TY Cushion Tire Co.",Director,,,0.2572%,0.2572%,,
American First National Bank,both,"AFNB Holdings, Inc._Y-6_2023-12-31_English_241394922_1",2023,"Lakhany, Ali",Houston,TX,USA,Business Entrepreneur,Director,,C.E.O. A Lakhany Intl Inc,0.1720%,0.1720%,,A. Lakhany International- 100%; LB Consolidated LLC- 35%; Verge Mobile LLC- 25%; Verge Mgmt LLC- 25%; Verge Capital Investments- 25%; LBIF Capital- 50%; LBIF Holdings- 50%
American First National Bank,both,"AFNB Holdings, Inc._Y-6_2023-12-31_English_241394922_1",2023,Kao Family,Houston,TX,USA,Business Entrepreneur,Director,,President W-K-M Investment,2.9105%,2.9105%,,W-K-M Investments- 100%
American First National Bank,both,"AFNB Holdings, Inc._Y-6_2023-12-31_English_241394922_1",2023,"Kao, Jui Ing Chang",Houston,TX,USA,Housewife,,,,1.2837%,1.2837%,,
American First National Bank,both,"AFNB Holdings, Inc._Y-6_2023-12-31_English_241394922_1",2023,"Kao, Jeanette",Northbrook,IL,USA,Manager,,,,1.1684%,1.1684%,,
American First National Bank,both,"AFNB Holdings, Inc._Y-6_2023-12-31_English_241394922_1",2023,"Miller, Ronnie L",Bay City,TX,USA,Business Entrepreneur,Director,,Manager/Treasurer Taylor Brothers Funeral Home Ltd,0.7228%,0.7228%,,
American First National Bank,both,"AFNB Holdings, Inc._Y-6_2023-12-31_English_241394922_1",2023,"Sun, Steven",Houston,TX,USA,Retired from Owner of Matsu Japanese Restaurant,Director,,,2.3030%,2.3030%,,
American First National Bank,both,"AFNB Holdings, Inc._Y-6_2023-12-31_English_241394922_1",2023,"Wang, Chong-Huey Hong",Sugar Land,TX,USA,"Retired from President, Wang's Reservoir Technology Inc",Director,,,0.7703%,0.7703%,,
American First National Bank,both,"AFNB Holdings, Inc._Y-6_2023-12-31_English_241394922_1",2023,"Wu, Gor Pau",Sugar Land,TX,USA,Business Entrepreneur,Director,,President Western In Motel,0.7505%,0.7505%,,Western In Motel- 50%; Red Carpet/59- 33%; Red Carpet/45- 33%
American First National Bank,both,"AFNB Holdings, Inc._Y-6_2023-12-31_English_241394922_1",2023,Txeng Family,Cooper City,FL,USA,Business Entrepreneur,Director,,President Tseng Consulting Group Inc,10.3199%; 2.0881%,2.0881%,,Tseng Consulting Group Inc.- Florida 100%
American First National Bank,both,"AFNB Holdings, Inc._Y-6_2023-12-31_English_241394922_1",2023,"Tseng, Kwei-Mei",Cooper City,FL,USA,housewife,,,,7.4499%,7.4499%,,
American First National Bank,both,"AFNB Holdings, Inc._Y-6_2023-12-31_English_241394922_1",2023,"Tseng, Albert",Denver,CO,USA,Doctor,,,,0.2871%,0.2871%,,
American First National Bank,both,"AFNB Holdings, Inc._Y-6_2023-12-31_English_241394922_1",2023,"Tseng, Mary",Englewood,CO,USA,Manager,,,,0.2474%,0.2474%,,
American First National Bank,both,"AFNB Holdings, Inc._Y-6_2023-12-31_English_241394922_1",2023,"Tseng, Nancy Kisha",Highland Heights,OH,USA,Manager,,,,0.2474%,0.2474%,,
"AFNB Holdings, Inc.",both,"AFNB Holdings, Inc._Y-6_2023-12-31_English_241394922_2",2023,Wu Family,,,,,,,,20.6792%,20.6792%,,
"AFNB Holdings, Inc.",both,"AFNB Holdings, Inc._Y-6_2023-12-31_English_241394922_2",2023,"Wu, Wen Lung (Wu, Henry)",Houston,TX,USA,Business Entrepreneur,Chairman & CEO Director,Chairman American First National Bank,President Hugesen Polymers USA L.P.,13.2612%,13.2612% N/A,,Hugesen Polymers USA – 60%;C & W Packaging – 60%
"AFNB Holdings, Inc.",both,"AFNB Holdings, Inc._Y-6_2023-12-31_English_241394922_2",2023,"Wu, James",Houston,TX,USA,Hugesen Polymers,,,Vice President Hugesen Polymers USA L.P.,3.2990%,3.2990% N/A,,
"AFNB Holdings, Inc.",both,"AFNB Holdings, Inc._Y-6_2023-12-31_English_241394922_2",2023,"Wu, Janae",Houston,TX,USA,Hugesen Polymers,,,Manager Hugesen Polymers USA L.P.,3.3910%,3.3910% N/A,,
"AFNB Holdings, Inc.",both,"AFNB Holdings, Inc._Y-6_2023-12-31_English_241394922_2",2023,C & W Packaging LP (non-managing),Houston,TX,USA,,,,,0.0464%,0.0464% N/A Henry:James:Janae Share%: 60:20:20,,
"AFNB Holdings, Inc.",both,"AFNB Holdings, Inc._Y-6_2023-12-31_English_241394922_2",2023,"Hugesen Polymers USA, LP (Non-managing)",Houston,TX,USA,,,,,0.6816%,0.6816% N/A Henry:James:Janae Share%: 60:20:20,,
"AFNB Holdings, Inc.",both,"AFNB Holdings, Inc._Y-6_2023-12-31_English_241394922_2",2023,"Chang, Bruce",Sugar Land,TX,USA,Banker,President Director,President/CEO American First National Bank,"Owner – Bruce Y. Chang, CF",0.2721%,0.2721% N/A,,"Bruce Y. Chang, CPA – 100%"
"AFNB Holdings, Inc.",both,"AFNB Holdings, Inc._Y-6_2023-12-31_English_241394922_2",2023,"Fann, Mike",Pearland,TX,USA,Banker,Treasurer,"Cashier, Controller American First National Bank",,0.4009%,0.4009% N/A,,
"AFNB Holdings, Inc.",both,"AFNB Holdings, Inc._Y-6_2023-12-31_English_241394922_2",2023,"You, Joanne",Sugar Land,TX,USA,Banker,Secretary,HR Manager Board Secretary American First National Bank,,0.0979%,0.0979% N/A,,
"AFNB Holdings, Inc.",both,"AFNB Holdings, Inc._Y-6_2023-12-31_English_241394922_2",2023,"Chang, Ray S",SugarLand,TX,USA,"Retired from President, C & W Trucking Svc, Inc",Director,,,1.1780%,1.1780%,,
"AFNB Holdings, Inc.",both,"AFNB Holdings, Inc._Y-6_2023-12-31_English_241394922_2",2023,"Chen, Wen-Chuan",New Orleans,LA,USA,"Retired from President, Holiday Motel East Inc",Director,,,1.7355%,1.7355%,,
"AFNB Holdings, Inc.",both,"AFNB Holdings, Inc._Y-6_2023-12-31_English_241394922_2",2023,"Cheng, Paul",Littleton,CO,USA,Retired from Sr. Mgr. Lockheed Martin Astraatics,Director,,,0.9942%,0.9942%,,
"AFNB Holdings, Inc.",both,"AFNB Holdings, Inc._Y-6_2023-12-31_English_241394922_2",2023,"Chien, Wu-Ann Andy",SugarLand,TX,USA,Business Entrepreneur,Director,,Director & Secretary Walrus America Inc,1.3871%,1.3871%,,Walrus America Inc- 33%
"AFNB Holdings, Inc.",both,"AFNB Holdings, Inc._Y-6_2023-12-31_English_241394922_2",2023,"Chuang, Hsing Hua",Chino Hills,CA,USA,"Retired from President, TY Cushion Tire Co.",Director,,,0.2572%,0.2572%,,
"AFNB Holdings, Inc.",both,"AFNB Holdings, Inc._Y-6_2023-12-31_English_241394922_2",2023,"Lakhany, Ali",Houston,TX,USA,Business Entrepreneur,Director,,C.E.O. A Lakhany Intl Inc,0.1720%,0.1720%,,A. Lakhany International- 100%;LB Consolidated LLC- 35%;Verge Mobile LLC- 25%;Verge Mgmt LLC- 25%;Verge Capital Investments- 25%;LBIF Capital- 50%;LBIF Holdings- 50%
"AFNB Holdings, Inc.",both,"AFNB Holdings, Inc._Y-6_2023-12-31_English_241394922_2",2023,Kao Family,,,,,Director,,,5.3626%,5.3626%,,
"AFNB Holdings, Inc.",both,"AFNB Holdings, Inc._Y-6_2023-12-31_English_241394922_2",2023,"Kao, Cheng Yuan",Houston,TX,USA,Business Entrepreneur,Director,,President W-K-M Investment,2.9105%,2.9105%,,W-K-M Investments- 100%
"AFNB Holdings, Inc.",both,"AFNB Holdings, Inc._Y-6_2023-12-31_English_241394922_2",2023,"Kao, Jui Ing Chang",Houston,TX,USA,Housewife,,,,1.2837%,1.2837%,,
"AFNB Holdings, Inc.",both,"AFNB Holdings, Inc._Y-6_2023-12-31_English_241394922_2",2023,"Kao, Jeanette",Northbrook,IL,USA,Manager,,,,1.1684%,1.1684%,,
"AFNB Holdings, Inc.",both,"AFNB Holdings, Inc._Y-6_2023-12-31_English_241394922_2",2023,"Miller, Ronnie L",Bay City,TX,USA,Business Entrepreneur,Director,,Manager/Treasurer Taylor Brothers Funeral Home Ltd,0.7228%,0.7228%,,
"AFNB Holdings, Inc.",both,"AFNB Holdings, Inc._Y-6_2023-12-31_English_241394922_2",2023,"Sun, Steven",Houston,TX,USA,Retired from Owner of Matsu Japanese Restaurant,Director,,,2.3030%,2.3030%,,
"AFNB Holdings, Inc.",both,"AFNB Holdings, Inc._Y-6_2023-12-31_English_241394922_2",2023,"Wang, Chong-Huey Hong",Sugar Land,TX,USA,"Retired from President, Wang's Reservoir Technology Inc",Director,,,0.7703%,0.7703%,,
"AFNB Holdings, Inc.",both,"AFNB Holdings, Inc._Y-6_2023-12-31_English_241394922_2",2023,"Wu, Gor Pau",Sugar Land,TX,USA,Business Entrepreneur,Director,,President Western In Motel,0.7505%,0.7505%,,Western In Motel- 50%;Red Carpet/59- 33%;Red Carpet/45- 33%
"AFNB Holdings, Inc.",both,"AFNB Holdings, Inc._Y-6_2023-12-31_English_241394922_2",2023,Txeng Family,Cooper City,FL,USA,Business Entrepreneur,Director,,President Tseng Consulting Group Inc,10.3199%,10.3199%,,
"AFNB Holdings, Inc.",both,"AFNB Holdings, Inc._Y-6_2023-12-31_English_241394922_2",2023,"Tseng, George S.",Cooper City,FL,USA,,,,Tseng Consulting Group Inc.,2.0881%,2.0881%,,Tseng Consulting Group Inc.- Florida 100%
"AFNB Holdings, Inc.",both,"AFNB Holdings, Inc._Y-6_2023-12-31_English_241394922_2",2023,"Tseng, Kwei-Mei",Cooper City,FL,USA,housewife,,,,7.4499%,7.4499%,,
"AFNB Holdings, Inc.",both,"AFNB Holdings, Inc._Y-6_2023-12-31_English_241394922_2",2023,"Tseng, Albert",Denver,CO,,Doctor,,,,0.2871%,0.2871%,,
"AFNB Holdings, Inc.",both,"AFNB Holdings, Inc._Y-6_2023-12-31_English_241394922_2",2023,"Tseng, Mary",Englewood,CO,,Manager,,,,0.2474%,0.2474%,,
"AFNB Holdings, Inc.",both,"AFNB Holdings, Inc._Y-6_2023-12-31_English_241394922_2",2023,"Tseng, Nancy Kisha",Highland Heights,OH,,Manager,,,,0.2474%,0.2474%,,
AMG National Corp.,both,AMG National Corp._Y-6_2023-12-31_English_244153891,2023,Earl L. Wright,Castle Rock,CO,USA,,"CEO, President, & Chairman of the Board","Chairman of the Board (AMG National Trust Bank); Director (FANUM, Inc.)","Trustee (Earl L. Wright Fifth Amended Revocable Trust Agreement dated February 9, 2024); President (Asset Management Group Investment Corp.); GP (Asset Management Group Holding Co.); GP (Wrihanberg); Treasurer (Zanon CR Nielsen Foundation, Inc.); Director (Common Sense Policy Roundtable); Trustee (University of Nebraska Foundation); Emeriti Trustee (Diane College); Emeriti Trustee (Boy Scouts of Denver)",8.4%,8.4%,0.0%,"Earl L. Wright Fifth Amended Revocable Trust Agreement dated February 9, 2024; Asset Management Group Holding Co.; Wrihanberg"
AMG National Corp.,both,AMG National Corp._Y-6_2023-12-31_English_244153891,2023,Michael S. Wright,Castle Rock,CO,USA,Entrepreneur,Director,"Director (AMG National Trust Bank); Director (FANUM, Inc.)","President (Second Frontiers, LLC); Trustee (E&N – AMG National Trust Bank Irrevocable Trust FBO Michael S. Wright); Trustee (E&N – AMG National Trust Bank Irrevocable Trust FBO Jacob T. Wright); Trustee (E&N – AMG National Trust Bank Irrevocable Trust FBO James E. Wright II); Trustee (NSW – AMG National Trust Bank Irrevocable Trust FBO Michael S. Wright); Trustee (NSW – AMG National Trust Bank Irrevocable Trust FBO David M. Wright); Trustee (NSW – AMG National Trust Bank Irrevocable Trust FBO Jacob T. Wright); Trustee (NSW – AMG National Trust Bank Irrevocable Trust FBO James E. Wright II); Trustee (Michael S. Wright Living Trust); Manager (Global Futbol United); Director (f20 Sports Corporation fba Crypto Sports Revolution)",36.3%,36.3%,0.0%,Second Frontiers LLC; E&N – AMG National Trust Bank Irrevocable Trust FBO Michael S. Wright; E&N – AMG National Trust Bank Irrevocable Trust FBO Jacob T. Wright; E&N – AMG National Trust Bank Irrevocable Trust FBO James E. Wright II; NSW – AMG National Trust Bank Irrevocable Trust FBO Michael S. Wright; NSW – AMG National Trust Bank Irrevocable Trust FBO David M. Wright; NSW – AMG National Trust Bank Irrevocable Trust FBO Jacob T. Wright; NSW – AMG National Trust Bank Irrevocable Trust FBO James E. Wright II; Global Futbol United; Michael S. Wright Living Trust
AMG National Corp.,both,AMG National Corp._Y-6_2023-12-31_English_244153891,2023,Michael D. Bergmann,Bow Mar,CO,USA,,"Senior Executive Vice President, Director","Senior Executive Vice President & Chief Investment Officer (AMG National Trust Bank); Director (FANUM, Inc.)",Co-Trustee (Community Property Trust under the Amendment and Restatement of the Michael Dean Bergmann and Alma F. Bergmann Declaration of Trust dld 6/12/12); Vice President (Asset Management Group Investment Corp.); GP (Asset Management Group Holding Co.); GP (Wrihanberg),12.6%,12.6%,0.0%,Community Property Trust under the Amendment and Restatement of the Michael Dean Bergmann and Alma F. Bergmann Declaration of Trust dld 6/12/12; Asset Management Group Holding Co.; Wrihanberg
AMG National Corp.,both,AMG National Corp._Y-6_2023-12-31_English_244153891,2023,Alma F. Bergmann,Bow Mar,CO,USA,Retired,,,"Trustee (Community Property Trust under the Amendment and Restatement of the Michael Dean and Alma F. Bergmann Declaration of Trust dld 6/12/12); Trustee (Bergmann 2011 Irrevocable Trust under agreement dated December 16, 2011); Trustee (Alma F. Bergmann Trust under the Amendment and Restatement of the Michael Dean Bergmann and Alma F. Bergmann Declaration of Trust dld 6/12/12); Trustee (George J. Fleck Trust)",27.8%,27.8%,0.0%,Community Property Trust under the Amendment and Restatement of the Michael Dean Bergmann and Alma F. Bergmann Declaration of Trust dld 6/12/12
AMG National Corp.,both,AMG National Corp._Y-6_2023-12-31_English_244153891,2023,Nathan M. Bergmann,Denver,CO,USA,Entrepreneur,,,Managing Partner (Fox Trail Consulting),1.3%,1.3%,0.0%,
AMG National Corp.,both,AMG National Corp._Y-6_2023-12-31_English_244153891,2023,Kelley M. Bergmann,Denver,CO,USA,,,Community Concierge (AMG National Trust Bank),VP and Director (Museum of Outdoor Arts); Director (Green Up Our Schools),1.2%,1.2%,0.0%,
AMG National Corp.,both,AMG National Corp._Y-6_2023-12-31_English_244153891,2023,Sheryl L. Bollinger,Englewood,CO,USA,,"Executive Vice President, Assistant Secretary, Director","CEO, President, General Counsel, Chief Compliance Officer, Assistant Secretary, & Senior Executive Trust Officer (AMG National Trust Bank); Director (FANUM, Inc.)",Director (Junior Achievement - Rocky Mountain); Director (Colorado Bankers Association),2.2%,2.2%,0.0%,
AMG National Corp.,both,AMG National Corp._Y-6_2023-12-31_English_244153891_2,2023,Earl L. Wright,Castle Rock,CO,USA,,"CEO, President, & Chairman of the Board","Chairman of the Board (AMG National Trust Bank); Director (FANUM, Inc.)","Trustee (Earl L. Wright Fifth Amended Revocable Trust Agreement dated February 9, 2024); President (Asset Management Group Investment Corp.); GP (Asset Management Group Holding Co.); GP (Wrihanberg); Treasurer (Zanon CR Nielsen Foundation, Inc.); Director (Common Sense Policy Roundtable); Trustee (University of Nebraska Foundation); Emeriti Trustee (Diane College); Emeriti Trustee (Boy Scouts of Denver)",8.4%,8.4%,0.0%,"Earl L. Wright Fifth Amended Revocable Trust Agreement dated February 9, 2024; Asset Management Group Holding Co.; Wrihanberg"
AMG National Corp.,both,AMG National Corp._Y-6_2023-12-31_English_244153891_2,2023,Michael S. Wright,Castle Rock,CO,USA,Entrepreneur,Director,"Director (AMG National Trust Bank); Director (FANUM, Inc.)","President (Second Frontiers, LLC); Trustee (E&N – AMG National Trust Bank Irrevocable Trust FBO Michael S. Wright); Trustee (E&N – AMG National Trust Bank Irrevocable Trust FBO Jacob T. Wright); Trustee (E&N – AMG National Trust Bank Irrevocable Trust FBO James E. Wright II); Trustee (NSW – AMG National Trust Bank Irrevocable Trust FBO Michael S. Wright); Trustee (NSW – AMG National Trust Bank Irrevocable Trust FBO David M. Wright); Trustee (NSW – AMG National Trust Bank Irrevocable Trust FBO Jacob T. Wright); Trustee (NSW – AMG National Trust Bank Irrevocable Trust FBO James E. Wright II); Trustee (Michael S. Wright Living Trust); Manager (Global Futbol United); Director (f20 Sports Corporation fba Crypto Sports Revolution)",36.3%,36.3%,0.0%,Second Frontiers LLC; E&N – AMG National Trust Bank Irrevocable Trust FBO Michael S. Wright; E&N – AMG National Trust Bank Irrevocable Trust FBO Jacob T. Wright; E&N – AMG National Trust Bank Irrevocable Trust FBO James E. Wright II; NSW – AMG National Trust Bank Irrevocable Trust FBO Michael S. Wright; NSW – AMG National Trust Bank Irrevocable Trust FBO David M. Wright; NSW – AMG National Trust Bank Irrevocable Trust FBO Jacob T. Wright; NSW – AMG National Trust Bank Irrevocable Trust FBO James E. Wright II; Global Futbol United; Michael S. Wright Living Trust
AMG National Corp.,both,AMG National Corp._Y-6_2023-12-31_English_244153891_2,2023,Michael D. Bergmann,Bow Mar,CO,USA,,"Senior Executive Vice President, Director","Senior Executive Vice President & Chief Investment Officer (AMG National Trust Bank); Director (FANUM, Inc.)",Co-Trustee (Community Property Trust under the Amendment and Restatement of the Michael Dean Bergmann and Alma F. Bergmann Declaration of Trust dld 6/12/12); Vice President (Asset Management Group Investment Corp.); GP (Asset Management Group Holding Co.); GP (Wrihanberg),12.6%,12.6%,0.0%,Community Property Trust under the Amendment and Restatement of the Michael Dean Bergmann and Alma F. Bergmann Declaration of Trust dld 6/12/12; Asset Management Group Holding Co.; Wrihanberg
AMG National Corp.,both,AMG National Corp._Y-6_2023-12-31_English_244153891_2,2023,Alma F. Bergmann,Bow Mar,CO,USA,Retired,,,"Trustee (Community Property Trust under the Amendment and Restatement of the Michael Dean and Alma F. Bergmann Declaration of Trust dld 6/12/12); Trustee (Bergmann 2011 Irrevocable Trust under agreement dated December 16, 2011); Trustee (Alma F. Bergmann Trust under the Amendment and Restatement of the Michael Dean Bergmann and Alma F. Bergmann Declaration of Trust dld 6/12/12); Trustee (George J. Fleck Trust)",27.8%,27.8%,0.0%,Community Property Trust under the Amendment and Restatement of the Michael Dean Bergmann and Alma F. Bergmann Declaration of Trust dld 6/12/12
AMG National Corp.,both,AMG National Corp._Y-6_2023-12-31_English_244153891_2,2023,Nathan M. Bergmann,Denver,CO,USA,Entrepreneur,,,Managing Partner (Fox Trail Consulting),1.3%,1.3%,0.0%,
AMG National Corp.,both,AMG National Corp._Y-6_2023-12-31_English_244153891_2,2023,Kelley M. Bergmann,Denver,CO,USA,,,Community Concierge (AMG National Trust Bank),VP and Director (Museum of Outdoor Arts); Director (Green Up Our Schools),1.2%,1.2%,0.0%,
AMG National Corp.,both,AMG National Corp._Y-6_2023-12-31_English_244153891_2,2023,Sheryl L. Bollinger,Englewood,CO,USA,,"Executive Vice President, Assistant Secretary, Director","CEO, President, General Counsel, Chief Compliance Officer, Assistant Secretary, & Senior Executive Trust Officer (AMG National Trust Bank); Director (FANUM, Inc.)",Director (Junior Achievement - Rocky Mountain); Director (Colorado Bankers Association),2.2%,2.2%,0.0%,
"ANB Bancorp, Inc.",securities,"ANB Bancorp, Inc._Y-6_2023-12-31_English_230649970",2023,,,,,,,,,,,,
"ANB Bancorp, Inc.",securities,"ANB Bancorp, Inc._Y-6_2023-12-31_English_230649970_2",2023,,,,,,,,,,,,
"ANB Bancshares, Inc.",both,"ANB Bancshares, Inc._Y-6_2023-12-31_English_241387026_1",2023,Clint Brisco,Houston,Texas,USA,Retired Computer Engineer/Investor,"Member of the Board of Directors of ANB Bancshares, Inc.",Member of the Board of Directors of Sage Capital Bank,"Partner in Zane & Ruth Brisco Family Partners L.P.; President of Zane & Ruth Brisco Family Partners Management, Inc.; Member of Brisco Resources Management, L.L.C.; Partner in Brisco Resources L.P.; Trustee Clinton & Mary Brisco Trust of 2005; Trustee Clinton G Brisco Trust; Trustee Clinton G Brisco Exempt Trust; Trustee Clinton G brisco Nonexempt Trust; Trustee Ruth D Brisco Family Trust of 2008",23.57%,23.57% of Shares,100%; 100%; 100%; 100%; 100%; 100%; 100%; 100%; 100%,
"ANB Bancshares, Inc.",both,"ANB Bancshares, Inc._Y-6_2023-12-31_English_241387026_1",2023,Lavo Brisco,Sheridan,Texas,USA,Rancher,"Advisory Member of the Board of Directors of ANB Bancshares, Inc.",Advisory Member of the Board of Directors of Sage Capital Bank,Trustee Lavo & Ruth Brisco Revocable Trust; Member of Lavo & Ruth Brisco Family Partners Management L.L.C.; Member of Lavo & Ruth Brisco Management L.L.C.; Trustee Lavo & Ruth Briscdo Family Trust of 2008; Trustee Lenora Ruth Williamson Trust of 2008,23.25%,23.25% of Shares,100%; 100%; 100%; 100%; 100%,
"ANB Bancshares, Inc.",both,"ANB Bancshares, Inc._Y-6_2023-12-31_English_241387026_1",2023,Brent Christian,Gonzales,Texas,USA,Retired Banker/Investor,"Member of the Board of Directors of ANB Bancshares, Inc.",Member of the Board of Directors of Sage Capital Bank,"Member Christian Ranch, LLC",11.52%,11.52% of Shares,100%,
"ANB Bancshares, Inc.",both,"ANB Bancshares, Inc._Y-6_2023-12-31_English_241387026_1",2023,Janelle Trammell,Gonzales,Texas,USA,Rancher,"Investor in ANB Bancshares, Inc.",,,11.36%,11.36% of Shares,,
"ANB Bancshares, Inc.",both,"ANB Bancshares, Inc._Y-6_2023-12-31_English_241387026_1",2023,Michael Murphy,New Braunfels,Texas,USA,Banker,"Secretary, Treasurer, and Member of the Board of Directors of ANB Bancshares, Inc.","Executive Vice President, CFO, and Member of the Board of Directors of Sage Capital Bank",,10.55%,10.55% of Shares,0%,
"ANB Bancshares, Inc.",both,"ANB Bancshares, Inc._Y-6_2023-12-31_English_241387026_1",2023,Cathy Colwell,Houston,Texas,USA,Retired Probation Officer,"Member of the Board of Directors of ANB Bancshares, Inc.",Member of the Board of Directors of Sage Capital Bank,,3.14%,3.14% of Shares,,
"ANB Bancshares, Inc.",both,"ANB Bancshares, Inc._Y-6_2023-12-31_English_241387026_1",2023,Joseph M. Rankin III,Spring Branch,Texas,USA,Banker,"President, CEO, & Member of the Board of Directors of ANB Bancshares, Inc.","President, CEO, & Member of the Board of Directors of Sage Capital Bank",,2.76%,2.76% of Shares,,
"ANB Bancshares, Inc.",both,"ANB Bancshares, Inc._Y-6_2023-12-31_English_241387026_1",2023,Bill Hales,Wimberly,Texas,USA,Banker,"Member of the Board of Directors of ANB Bancshares, Inc.","Executive Vice President, CLO, and Member of the Board of Directors of Sage Capital Bank",,1.92%,1.92% of Shares,,
"ANB Bancshares, Inc.",both,"ANB Bancshares, Inc._Y-6_2023-12-31_English_241387026_1",2023,Norman Burns,New Braunfels,Texas,USA,Attorney,"VP, COB, & Member of the Board of Directors of ANB Bancshares, Inc.",COB & Member of the Board of Directors of Sage Capital Bank,,.10%,.10% of Shares,,
"ANB Bancshares, Inc.",both,"ANB Bancshares, Inc._Y-6_2023-12-31_English_241387026_1",2023,Regina Williamson,Sheridan,Texas,USA,Retired Social Worker,"Member of the Board of Directors of ANB Bancshares, Inc.",Member of the Board of Directors of Sage Capital Bank,,.01%,. 01% of Shares,,
"ANB Bancshares, Inc.",both,"ANB Bancshares, Inc._Y-6_2023-12-31_English_241387026_2",2023,Clint Brisco,Houston,Texas,USA,Retired Computer Engineer/Investor,"Member of the Board of Directors of ANB Bancshares, Inc.",Member of the Board of Directors of Sage Capital Bank,"Partner in Zane & Ruth Brisco Family Partners L.P.; President of Zane & Ruth Brisco Family Partners Management, Inc.; Member of Brisco Resources Management, L.L.C.; Partner in Brisco Resources L.P.; Trustee Clinton & Mary Brisco Trust of 2005; Trustee Clinton G Brisco Trust; Trustee Clinton G Brisco Exempt Trust; Trustee Clinton G brisco Nonexempt Trust; Trustee Ruth D Brisco Family Trust of 2008",23.57%; 100%; 100%; 100%; 100%; 100%; 100%; 100%; 100%,23.57% of Shares,100%; 100%; 100%; 100%; 100%; 100%; 100%; 100%; 100%,
"ANB Bancshares, Inc.",both,"ANB Bancshares, Inc._Y-6_2023-12-31_English_241387026_2",2023,Lavo Brisco,Sheridan,Texas,USA,Rancher,"Advisory Member of the Board of Directors of ANB Bancshares, Inc.",Advisory Member of the Board of Directors of Sage Capital Bank,Trustee Lavo & Ruth Brisco Revocable Trust; Member of Lavo & Ruth Brisco Family Partners Management L.L.C.; Member of Lavo & Ruth Brisco Management L.L.C.; Trustee Lavo & Ruth Briscdo Family Trust of 2008; Trustee Lenora Ruth Williamson Trust of 2008,23.25%; 100%; 100%; 100%; 100%,23.25% of Shares,100%; 100%; 100%; 100%; 100%,
"ANB Bancshares, Inc.",both,"ANB Bancshares, Inc._Y-6_2023-12-31_English_241387026_2",2023,Brent Christian,Gonzales,Texas,USA,Retired Banker/Investor,"Member of the Board of Directors of ANB Bancshares, Inc.",Member of the Board of Directors of Sage Capital Bank,"Member Christian Ranch, LLC",11.52%; 100%,11.52% of Shares,100%,
"ANB Bancshares, Inc.",both,"ANB Bancshares, Inc._Y-6_2023-12-31_English_241387026_2",2023,Janelle Trammell,Gonzales,Texas,USA,Rancher,"Investor in ANB Bancshares, Inc.",,,11.36%,11.36% of Shares,,
"ANB Bancshares, Inc.",both,"ANB Bancshares, Inc._Y-6_2023-12-31_English_241387026_2",2023,Michael Murphy,New Braunfels,Texas,USA,Banker,"Secretary, Treasurer, and Member of the Board of Directors of ANB Bancshares, Inc.","Executive Vice President, CFO, and Member of the Board of Directors of Sage Capital Bank",,10.55%; 0%,10.55% of Shares,0%,
"ANB Bancshares, Inc.",both,"ANB Bancshares, Inc._Y-6_2023-12-31_English_241387026_2",2023,Cathy Colwell,Houston,Texas,USA,Retired Probation Officer,"Member of the Board of Directors of ANB Bancshares, Inc.",Member of the Board of Directors of Sage Capital Bank,,3.14%,3.14% of Shares,,
"ANB Bancshares, Inc.",both,"ANB Bancshares, Inc._Y-6_2023-12-31_English_241387026_2",2023,Joseph M. Rankin III,Spring Branch,Texas,USA,Banker,"President, CEO, & Member of the Board of Directors of ANB Bancshares, Inc.","President, CEO, & Member of the Board of Directors of Sage Capital Bank",,2.76%,2.76% of Shares,,
"ANB Bancshares, Inc.",both,"ANB Bancshares, Inc._Y-6_2023-12-31_English_241387026_2",2023,Bill Hales,Wimberly,Texas,USA,Banker,"Member of the Board of Directors of ANB Bancshares, Inc.","Executive Vice President, CLO, and Member of the Board of Directors of Sage Capital Bank",,1.92%,1.92% of Shares,,
"ANB Bancshares, Inc.",both,"ANB Bancshares, Inc._Y-6_2023-12-31_English_241387026_2",2023,Norman Burns,New Braunfels,Texas,USA,Attorney,"VP, COB, & Member of the Board of Directors of ANB Bancshares, Inc.",COB & Member of the Board of Directors of Sage Capital Bank,,.10%,.10% of Shares,,
"ANB Bancshares, Inc.",both,"ANB Bancshares, Inc._Y-6_2023-12-31_English_241387026_2",2023,Regina Williamson,Sheridan,Texas,USA,Retired Social Worker,"Member of the Board of Directors of ANB Bancshares, Inc.",Member of the Board of Directors of Sage Capital Bank,,. 01%,. 01% of Shares,,
